product_id,unit_cost,reorder_level,stock_on_hand,reserved_stock,available_stock,snapshot_date,calculated_available_stock,inventory_value,product_name,category
P001,135.08,95,152,9,143,2026-09-28,143,20532.160000000003,Product 001,Electronics
P002,174.28,32,198,15,183,2026-09-28,183,34507.44,Product 002,Personal Care
P003,61.35,59,94,18,76,2026-09-28,76,5766.900000000001,Product 003,Personal Care
P004,69.2,75,286,8,278,2026-09-28,278,19791.2,Product 004,Office Supplies
P005,86.64,59,156,9,147,2026-09-28,147,13515.84,Product 005,Office Supplies
P006,37.35,55,85,8,77,2026-09-28,77,3174.75,Product 006,Apparel
P007,26.87,33,288,34,254,2026-09-28,254,7738.56,Product 007,Electronics
P008,87.72,50,277,26,251,2026-09-28,251,24298.44,Product 008,Personal Care
P009,43.94,39,149,29,120,2026-09-28,120,6547.0599999999995,Product 009,Home & Kitchen
P010,121.89,44,7,7,0,2026-09-28,0,853.23,Product 010,Electronics
P011,80.94,74,179,33,146,2026-09-28,146,14488.26,Product 011,Office Supplies
P012,150.55,70,166,3,163,2026-09-28,163,24991.300000000003,Product 012,Apparel
P013,127.25,68,44,30,14,2026-09-28,14,5599.0,Product 013,Personal Care
P014,58.98,48,190,2,188,2026-09-28,188,11206.199999999999,Product 014,Personal Care
P015,150.48,96,252,16,236,2026-09-28,236,37920.96,Product 015,Personal Care
P016,145.64,27,31,20,11,2026-09-28,11,4514.839999999999,Product 016,Personal Care
P017,72.2,47,216,12,204,2026-09-28,204,15595.2,Product 017,Office Supplies
P018,54.75,29,42,5,37,2026-09-28,37,2299.5,Product 018,Electronics
P019,124.12,47,224,6,218,2026-09-28,218,27802.88,Product 019,Apparel
P020,28.6,96,125,28,97,2026-09-28,97,3575.0,Product 020,Office Supplies
P021,39.18,49,1,1,0,2026-09-28,0,39.18,Product 021,Office Supplies
P022,5.3,92,289,10,279,2026-09-28,279,1531.7,Product 022,Home & Kitchen
P023,142.5,59,49,32,17,2026-09-28,17,6982.5,Product 023,Electronics
P024,121.01,75,178,5,173,2026-09-28,173,21539.780000000002,Product 024,Apparel
P025,128.11,56,54,32,22,2026-09-28,22,6917.9400000000005,Product 025,Personal Care
P026,141.41,41,279,32,247,2026-09-28,247,39453.39,Product 026,Personal Care
P027,84.77,81,221,20,201,2026-09-28,201,18734.17,Product 027,Office Supplies
P028,104.1,97,241,5,236,2026-09-28,236,25088.1,Product 028,Apparel
P029,28.6,41,129,5,124,2026-09-28,124,3689.4,Product 029,Office Supplies
P030,24.16,82,140,9,131,2026-09-28,131,3382.4,Product 030,Office Supplies
P031,121.64,40,190,20,170,2026-09-28,170,23111.6,Product 031,Office Supplies
P032,86.91,77,235,5,230,2026-09-28,230,20423.85,Product 032,Home & Kitchen
P033,103.48,83,254,15,239,2026-09-28,239,26283.920000000002,Product 033,Electronics
P034,138.64,55,5,4,1,2026-09-28,1,693.1999999999999,Product 034,Office Supplies
P035,115.71,78,199,18,181,2026-09-28,181,23026.289999999997,Product 035,Apparel
P036,101.43,41,32,0,32,2026-09-28,32,3245.76,Product 036,Electronics
P037,102.42,26,86,24,62,2026-09-28,62,8808.12,Product 037,Apparel
P038,57.5,27,248,1,247,2026-09-28,247,14260.0,Product 038,Apparel
P039,9.42,55,75,6,69,2026-09-28,69,706.5,Product 039,Home & Kitchen
P040,80.86,92,239,6,233,2026-09-28,233,19325.54,Product 040,Personal Care
P041,41.77,30,138,29,109,2026-09-28,109,5764.26,Product 041,Electronics
P042,75.9,56,69,1,68,2026-09-28,68,5237.1,Product 042,Personal Care
P043,154.2,76,100,15,85,2026-09-28,85,15419.999999999998,Product 043,Personal Care
P044,45.17,36,159,20,139,2026-09-28,139,7182.030000000001,Product 044,Home & Kitchen
P045,14.26,77,229,18,211,2026-09-28,211,3265.54,Product 045,Electronics
P046,53.52,44,181,23,158,2026-09-28,158,9687.12,Product 046,Apparel
P047,55.67,84,279,28,251,2026-09-28,251,15531.93,Product 047,Office Supplies
P048,120.5,66,260,13,247,2026-09-28,247,31330.0,Product 048,Apparel
P049,102.04,63,226,28,198,2026-09-28,198,23061.04,Product 049,Personal Care
P050,141.97,34,180,11,169,2026-09-28,169,25554.6,Product 050,Personal Care
P051,120.92,57,86,34,52,2026-09-28,52,10399.12,Product 051,Personal Care
P052,75.52,88,123,17,106,2026-09-28,106,9288.96,Product 052,Electronics
P053,147.27,21,35,25,10,2026-09-28,10,5154.450000000001,Product 053,Home & Kitchen
P054,33.39,80,112,30,82,2026-09-28,82,3739.6800000000003,Product 054,Office Supplies
P055,8.0,59,277,27,250,2026-09-28,250,2216.0,Product 055,Office Supplies
P056,19.85,77,127,29,98,2026-09-28,98,2520.9500000000003,Product 056,Electronics
P057,131.14,73,34,18,16,2026-09-28,16,4458.759999999999,Product 057,Office Supplies
P058,85.29,54,195,1,194,2026-09-28,194,16631.550000000003,Product 058,Electronics
P059,32.38,44,288,17,271,2026-09-28,271,9325.44,Product 059,Personal Care
P060,92.18,70,260,6,254,2026-09-28,254,23966.800000000003,Product 060,Personal Care
