product_id,unit_cost,reorder_level,stock_on_hand,reserved_stock,available_stock,snapshot_date
P001,135.08,95,152,9,143,2026-09-28
P002,174.28,32,198,15,183,2026-09-28
P003,61.35,59,94,18,76,2026-09-28
P004,69.2,75,286,8,278,2026-09-28
P005,86.64,59,156,9,147,2026-09-28
P006,37.35,55,85,8,77,2026-09-28
P007,26.87,33,288,34,254,2026-09-28
P008,87.72,50,277,26,251,2026-09-28
P009,43.94,39,149,29,120,2026-09-28
P010,121.89,44,7,7,0,2026-09-28
P011,80.94,74,179,33,146,2026-09-28
P012,150.55,70,166,3,163,2026-09-28
P013,127.25,68,44,30,14,2026-09-28
P014,58.98,48,190,2,188,2026-09-28
P015,150.48,96,252,16,236,2026-09-28
P016,145.64,27,31,20,11,2026-09-28
P017,72.2,47,216,12,204,2026-09-28
P018,54.75,29,42,5,37,2026-09-28
P019,124.12,47,224,6,218,2026-09-28
P020,28.6,96,125,28,97,2026-09-28
P021,39.18,49,1,1,0,2026-09-28
P022,5.3,92,289,10,279,2026-09-28
P023,142.5,59,49,32,17,2026-09-28
P024,121.01,75,178,5,173,2026-09-28
P025,128.11,56,54,32,22,2026-09-28
P026,141.41,41,279,32,247,2026-09-28
P027,84.77,81,221,20,201,2026-09-28
P028,104.1,97,241,5,236,2026-09-28
P029,28.6,41,129,5,124,2026-09-28
P030,24.16,82,140,9,131,2026-09-28
P031,121.64,40,190,20,170,2026-09-28
P032,86.91,77,235,5,230,2026-09-28
P033,103.48,83,254,15,239,2026-09-28
P034,138.64,55,5,4,1,2026-09-28
P035,115.71,78,199,18,181,2026-09-28
P036,101.43,41,32,0,32,2026-09-28
P037,102.42,26,86,24,62,2026-09-28
P038,57.5,27,248,1,247,2026-09-28
P039,9.42,55,75,6,69,2026-09-28
P040,80.86,92,239,6,233,2026-09-28
P041,41.77,30,138,29,109,2026-09-28
P042,75.9,56,69,1,68,2026-09-28
P043,154.2,76,100,15,85,2026-09-28
P044,45.17,36,159,20,139,2026-09-28
P045,14.26,77,229,18,211,2026-09-28
P046,53.52,44,181,23,158,2026-09-28
P047,55.67,84,279,28,251,2026-09-28
P048,120.5,66,260,13,247,2026-09-28
P049,102.04,63,226,28,198,2026-09-28
P050,141.97,34,180,11,169,2026-09-28
P051,120.92,57,86,34,52,2026-09-28
P052,75.52,88,123,17,106,2026-09-28
P053,147.27,21,35,25,10,2026-09-28
P054,33.39,80,112,30,82,2026-09-28
P055,8.0,59,277,27,250,2026-09-28
P056,19.85,77,127,29,98,2026-09-28
P057,131.14,73,34,18,16,2026-09-28
P058,85.29,54,195,1,194,2026-09-28
P059,32.38,44,288,17,271,2026-09-28
P060,92.18,70,260,6,254,2026-09-28
