po_id,supplier_id,product_id,order_date,quantity_ordered,expected_delivery_date,actual_delivery_date,lead_time_days,delivery_delay_days
PO00001,S02,P045,2026-03-13,163,2026-03-24,2026-03-21,7,0
PO00002,S03,P045,2025-10-30,43,2025-11-10,2025-11-15,28,5
PO00003,S02,P056,2025-05-06,164,2025-05-18,2025-05-26,18,8
PO00004,S10,P056,2025-03-27,98,2025-04-08,2025-04-13,27,5
PO00005,S07,P053,2025-01-31,134,2025-02-21,2025-02-27,25,6
PO00006,S03,P008,2026-06-04,245,2026-06-14,2026-06-12,23,0
PO00007,S10,P038,2026-01-25,160,2026-02-11,2026-02-11,15,0
PO00008,S09,P017,2025-02-12,48,2025-02-27,2025-03-07,13,8
PO00009,S08,P040,2025-11-21,54,2025-11-25,2025-11-23,11,0
PO00010,S10,P046,2025-06-06,94,2025-06-26,2025-07-06,10,10
PO00011,S10,P030,2025-09-30,183,2025-10-14,2025-10-15,16,1
PO00012,S09,P053,2026-04-13,238,2026-05-04,2026-05-02,8,0
PO00013,S04,P035,2025-09-22,81,2025-10-02,2025-10-04,13,2
PO00014,S09,P022,2025-12-27,134,2026-01-02,2026-01-07,5,5
PO00015,S04,P011,2025-09-10,61,2025-09-16,2025-09-17,12,1
PO00016,S11,P051,2025-01-03,162,2025-01-21,2025-01-23,19,2
PO00017,S10,P029,2025-08-18,44,2025-09-01,2025-09-01,12,0
PO00018,S03,P023,2025-04-02,246,2025-04-10,2025-04-17,5,7
PO00019,S08,P044,2026-07-09,31,2026-07-21,2026-07-20,10,0
PO00020,S08,P035,2026-06-30,113,2026-07-10,2026-07-20,8,10
PO00021,S10,P041,2025-09-28,128,2025-10-06,2025-10-14,12,8
PO00022,S12,P013,2025-04-17,131,2025-04-23,2025-04-29,10,6
PO00023,S12,P041,2026-04-25,84,2026-05-03,2026-05-13,7,10
PO00024,S02,P030,2026-05-17,172,2026-05-31,2026-06-08,2,8
PO00025,S08,P037,2026-06-10,139,2026-06-21,2026-06-27,14,6
PO00026,S02,P012,2026-05-29,77,2026-06-10,2026-06-11,16,1
PO00027,S08,P014,2026-05-03,127,2026-05-12,2026-05-12,5,0
PO00028,S11,P010,2025-07-14,112,2025-07-17,2025-07-20,3,3
PO00029,S05,P055,2026-01-31,70,2026-02-13,2026-02-20,6,7
PO00030,S06,P004,2025-07-12,33,2025-07-27,2025-08-07,16,11
PO00031,S10,P005,2025-11-24,189,2025-12-08,2025-12-18,4,10
PO00032,S11,P001,2026-02-04,104,2026-02-09,2026-02-15,2,6
PO00033,S08,P006,2026-04-16,88,2026-04-20,2026-04-20,8,0
PO00034,S02,P014,2025-06-01,175,2025-06-10,2025-06-18,10,8
PO00035,S10,P050,2025-11-25,99,2025-12-06,2025-12-06,28,0
PO00036,S06,P028,2026-03-30,150,2026-04-08,2026-04-18,24,10
PO00037,S11,P024,2025-04-14,231,2025-05-04,2025-05-13,6,9
PO00038,S12,P024,2025-03-20,132,2025-04-09,2025-04-06,27,0
PO00039,S02,P016,2025-07-15,115,2025-07-20,2025-07-20,19,0
PO00040,S03,P010,2026-07-25,239,2026-07-28,2026-07-27,8,0
PO00041,S12,P004,2026-03-06,197,2026-03-21,2026-03-27,10,6
PO00042,S09,P004,2025-12-19,102,2026-01-03,2026-01-09,21,6
PO00043,S03,P027,2025-01-15,236,2025-01-26,2025-01-27,9,1
PO00044,S04,P041,2025-08-17,186,2025-08-25,2025-08-31,18,6
PO00045,S06,P001,2025-10-16,169,2025-10-21,2025-10-20,6,0
PO00046,S09,P046,2026-05-09,89,2026-05-29,2026-05-30,29,1
PO00047,S02,P040,2026-07-13,103,2026-07-17,2026-07-18,24,1
PO00048,S06,P048,2025-02-07,71,2025-02-20,2025-02-19,21,0
PO00049,S07,P017,2025-06-03,58,2025-06-18,2025-06-25,19,7
PO00050,S12,P044,2025-03-17,123,2025-03-29,2025-04-08,8,10
PO00051,S02,P033,2026-02-25,39,2026-03-02,2026-03-09,9,7
PO00052,S10,P031,2025-12-14,215,2025-12-22,2025-12-19,17,0
PO00053,S10,P005,2025-01-24,112,2025-02-07,2025-02-08,2,1
PO00054,S03,P036,2025-10-11,249,2025-10-23,2025-10-20,3,0
PO00055,S10,P017,2025-09-04,170,2025-09-19,2025-09-27,2,8
PO00056,S09,P005,2025-03-31,218,2025-04-14,2025-04-13,10,0
PO00057,S01,P021,2025-04-11,161,2025-04-29,2025-05-01,10,2
PO00058,S02,P049,2025-08-29,70,2025-09-11,2025-09-12,15,1
PO00059,S01,P003,2026-06-03,42,2026-06-07,2026-06-17,23,10
PO00060,S04,P028,2026-04-18,246,2026-04-27,2026-05-08,5,11
PO00061,S02,P057,2025-02-03,187,2025-02-22,2025-02-28,4,6
PO00062,S09,P004,2025-05-21,51,2025-06-05,2025-06-04,3,0
PO00063,S01,P033,2026-05-03,162,2026-05-08,2026-05-19,10,11
PO00064,S09,P040,2025-04-16,186,2025-04-20,2025-05-01,17,11
PO00065,S09,P029,2025-07-27,38,2025-08-10,2025-08-20,5,10
PO00066,S05,P045,2026-03-01,30,2026-03-12,2026-03-16,3,4
PO00067,S12,P038,2026-04-07,86,2026-04-24,2026-04-28,24,4
PO00068,S03,P050,2025-01-16,42,2025-01-27,2025-01-25,29,0
PO00069,S09,P057,2025-03-30,220,2025-04-18,2025-04-17,6,0
PO00070,S04,P035,2025-06-26,72,2025-07-06,2025-07-03,19,0
PO00071,S07,P015,2025-10-23,183,2025-11-07,2025-11-13,8,6
PO00072,S05,P046,2025-06-06,152,2025-06-26,2025-06-24,18,0
PO00073,S02,P034,2025-12-12,234,2026-01-02,2026-01-10,17,8
PO00074,S12,P019,2026-05-10,231,2026-05-16,2026-05-22,22,6
PO00075,S12,P032,2026-05-31,121,2026-06-03,2026-05-31,4,0
PO00076,S01,P015,2025-05-09,54,2025-05-24,2025-05-22,29,0
PO00077,S05,P038,2025-04-16,184,2025-05-03,2025-05-11,29,8
PO00078,S08,P059,2026-02-14,62,2026-02-22,2026-03-02,25,8
PO00079,S05,P016,2026-01-07,32,2026-01-12,2026-01-13,24,1
PO00080,S04,P005,2026-05-24,90,2026-06-07,2026-06-16,17,9
PO00081,S10,P003,2025-06-25,183,2025-06-29,2025-06-28,7,0
PO00082,S10,P048,2026-08-20,178,2026-09-02,2026-09-01,15,0
PO00083,S08,P018,2025-07-30,136,2025-08-03,2025-08-06,6,3
PO00084,S02,P015,2025-03-22,144,2025-04-06,2025-04-04,12,0
PO00085,S02,P031,2025-01-10,59,2025-01-18,2025-01-29,14,11
PO00086,S04,P015,2025-05-28,108,2025-06-12,2025-06-13,22,1
PO00087,S11,P040,2026-07-30,153,2026-08-03,2026-08-13,21,10
PO00088,S04,P048,2025-03-22,55,2025-04-04,2025-04-09,26,5
PO00089,S05,P018,2025-06-21,206,2025-06-25,2025-07-05,19,10
PO00090,S06,P019,2025-03-16,243,2025-03-22,2025-03-27,16,5
PO00091,S04,P025,2026-07-31,137,2026-08-21,2026-08-18,20,0
PO00092,S10,P017,2025-02-23,52,2025-03-10,2025-03-11,24,1
PO00093,S07,P017,2025-04-29,39,2025-05-14,2025-05-12,2,0
PO00094,S09,P010,2025-07-01,45,2025-07-04,2025-07-08,2,4
PO00095,S05,P051,2025-02-08,80,2025-02-26,2025-02-25,15,0
PO00096,S10,P059,2025-07-29,239,2025-08-06,2025-08-05,11,0
PO00097,S12,P057,2025-07-10,160,2025-07-29,2025-08-04,6,6
PO00098,S09,P042,2025-12-12,184,2025-12-24,2026-01-02,17,9
PO00099,S06,P011,2025-09-11,147,2025-09-17,2025-09-18,5,1
PO00100,S02,P058,2026-01-22,176,2026-02-02,2026-01-30,15,0
PO00101,S04,P003,2025-03-04,50,2025-03-08,2025-03-07,6,0
PO00102,S08,P051,2025-01-19,168,2025-02-06,2025-02-09,5,3
PO00103,S02,P003,2025-03-22,125,2025-03-26,2025-03-28,14,2
PO00104,S09,P038,2026-03-20,157,2026-04-06,2026-04-10,17,4
PO00105,S06,P015,2025-01-07,242,2025-01-22,2025-01-30,12,8
PO00106,S06,P058,2026-06-08,135,2026-06-19,2026-06-16,5,0
PO00107,S12,P009,2025-10-16,100,2025-11-02,2025-11-02,14,0
PO00108,S12,P053,2025-02-21,188,2025-03-14,2025-03-11,11,0
PO00109,S01,P056,2025-05-06,35,2025-05-18,2025-05-23,15,5
PO00110,S01,P020,2025-03-12,235,2025-03-26,2025-04-06,24,11
PO00111,S07,P032,2026-04-23,165,2026-04-26,2026-04-27,14,1
PO00112,S01,P030,2025-04-28,192,2025-05-12,2025-05-10,26,0
PO00113,S02,P006,2026-04-27,98,2026-05-01,2026-04-28,11,0
PO00114,S06,P059,2026-04-30,185,2026-05-08,2026-05-17,5,9
PO00115,S08,P034,2025-05-02,216,2025-05-23,2025-05-26,28,3
PO00116,S11,P006,2026-06-24,141,2026-06-28,2026-06-28,18,0
PO00117,S12,P005,2025-10-21,90,2025-11-04,2025-11-01,21,0
PO00118,S03,P005,2025-10-01,110,2025-10-15,2025-10-17,7,2
PO00119,S07,P021,2025-12-09,224,2025-12-27,2025-12-28,24,1
PO00120,S07,P055,2025-04-25,104,2025-05-08,2025-05-17,22,9
PO00121,S02,P023,2025-04-27,52,2025-05-05,2025-05-09,21,4
PO00122,S09,P028,2026-05-19,205,2026-05-28,2026-06-02,5,5
PO00123,S10,P053,2025-07-20,116,2025-08-10,2025-08-07,26,0
PO00124,S02,P032,2026-06-28,38,2026-07-01,2026-07-02,2,1
PO00125,S06,P013,2025-07-02,108,2025-07-08,2025-07-13,17,5
PO00126,S06,P057,2025-12-10,179,2025-12-29,2026-01-05,6,7
PO00127,S04,P052,2025-04-19,106,2025-04-27,2025-05-02,9,5
PO00128,S08,P052,2025-03-18,99,2025-03-26,2025-03-27,21,1
PO00129,S09,P036,2025-07-20,172,2025-08-01,2025-07-31,13,0
PO00130,S06,P023,2025-01-02,226,2025-01-10,2025-01-07,16,0
PO00131,S11,P053,2025-01-08,65,2025-01-29,2025-02-02,12,4
PO00132,S06,P044,2026-01-07,32,2026-01-19,2026-01-29,20,10
PO00133,S06,P032,2025-06-30,239,2025-07-03,2025-07-04,2,1
PO00134,S11,P009,2025-10-21,232,2025-11-07,2025-11-12,20,5
PO00135,S03,P032,2025-12-08,180,2025-12-11,2025-12-16,29,5
PO00136,S12,P057,2025-11-14,126,2025-12-03,2025-12-04,5,1
PO00137,S02,P053,2025-08-30,183,2025-09-20,2025-10-01,8,11
PO00138,S01,P039,2025-05-31,192,2025-06-04,2025-06-14,26,10
PO00139,S01,P052,2026-03-20,54,2026-03-28,2026-04-04,4,7
PO00140,S08,P029,2026-06-02,45,2026-06-16,2026-06-25,16,9
PO00141,S07,P027,2025-10-30,229,2025-11-10,2025-11-20,3,10
PO00142,S10,P049,2025-09-08,143,2025-09-21,2025-09-21,12,0
PO00143,S07,P053,2026-03-16,52,2026-04-06,2026-04-12,24,6
PO00144,S02,P060,2025-11-25,142,2025-11-28,2025-11-25,17,0
PO00145,S04,P029,2026-01-11,81,2026-01-25,2026-01-31,14,6
PO00146,S10,P004,2026-03-12,42,2026-03-27,2026-04-05,3,9
PO00147,S11,P017,2025-10-31,105,2025-11-15,2025-11-21,9,6
PO00148,S05,P007,2025-07-30,63,2025-08-16,2025-08-20,11,4
PO00149,S02,P041,2026-06-15,223,2026-06-23,2026-07-03,21,10
PO00150,S10,P026,2026-03-19,153,2026-04-02,2026-04-07,7,5
PO00151,S12,P055,2025-09-30,84,2025-10-13,2025-10-11,22,0
PO00152,S07,P010,2026-08-26,102,2026-08-29,2026-08-30,14,1
PO00153,S01,P027,2025-12-28,161,2026-01-08,2026-01-08,10,0
PO00154,S03,P046,2025-01-29,38,2025-02-18,2025-02-20,26,2
PO00155,S11,P007,2025-04-01,104,2025-04-18,2025-04-25,2,7
PO00156,S10,P042,2025-06-09,102,2025-06-21,2025-06-30,28,9
PO00157,S09,P003,2026-05-10,153,2026-05-14,2026-05-11,19,0
PO00158,S01,P002,2025-04-07,247,2025-04-21,2025-04-29,19,8
PO00159,S12,P018,2025-05-01,228,2025-05-05,2025-05-02,2,0
PO00160,S10,P005,2025-06-06,129,2025-06-20,2025-06-28,15,8
PO00161,S01,P021,2025-08-23,93,2025-09-10,2025-09-18,22,8
PO00162,S10,P006,2025-02-12,166,2025-02-16,2025-02-17,12,1
PO00163,S04,P029,2026-04-28,242,2026-05-12,2026-05-15,24,3
PO00164,S06,P031,2026-04-28,151,2026-05-06,2026-05-09,15,3
PO00165,S07,P023,2026-02-23,125,2026-03-03,2026-03-12,24,9
PO00166,S11,P026,2025-04-16,235,2025-04-30,2025-05-05,10,5
PO00167,S06,P018,2025-07-26,185,2025-07-30,2025-08-08,4,9
PO00168,S07,P055,2025-11-29,183,2025-12-12,2025-12-20,7,8
PO00169,S09,P014,2025-07-05,194,2025-07-14,2025-07-14,24,0
PO00170,S06,P038,2025-06-28,159,2025-07-15,2025-07-12,29,0
PO00171,S11,P058,2025-11-18,164,2025-11-29,2025-11-27,12,0
PO00172,S10,P035,2025-05-21,187,2025-05-31,2025-06-08,22,8
PO00173,S05,P021,2025-09-11,217,2025-09-29,2025-10-02,27,3
PO00174,S07,P059,2025-08-23,30,2025-08-31,2025-09-06,19,6
PO00175,S09,P059,2025-01-19,154,2025-01-27,2025-01-31,22,4
PO00176,S10,P026,2026-01-07,179,2026-01-21,2026-01-22,14,1
PO00177,S12,P032,2026-01-02,185,2026-01-05,2026-01-16,5,11
PO00178,S12,P015,2025-09-29,232,2025-10-14,2025-10-22,26,8
PO00179,S08,P055,2026-06-01,67,2026-06-14,2026-06-19,3,5
PO00180,S10,P049,2025-11-17,144,2025-11-30,2025-12-10,19,10
PO00181,S02,P051,2025-12-29,113,2026-01-16,2026-01-20,24,4
PO00182,S06,P060,2026-02-17,53,2026-02-20,2026-02-19,28,0
PO00183,S11,P023,2026-08-12,136,2026-08-20,2026-08-17,15,0
PO00184,S01,P059,2025-01-16,134,2025-01-24,2025-01-23,2,0
PO00185,S09,P038,2025-07-01,204,2025-07-18,2025-07-18,19,0
PO00186,S08,P043,2026-05-09,63,2026-05-24,2026-05-25,8,1
PO00187,S11,P021,2026-03-22,149,2026-04-09,2026-04-19,17,10
PO00188,S03,P027,2025-03-25,102,2025-04-05,2025-04-09,20,4
PO00189,S06,P026,2026-08-16,249,2026-08-30,2026-08-28,6,0
PO00190,S11,P015,2025-10-07,220,2025-10-22,2025-10-27,20,5
PO00191,S05,P017,2025-03-31,144,2025-04-15,2025-04-16,9,1
PO00192,S10,P003,2026-07-26,139,2026-07-30,2026-08-09,17,10
PO00193,S08,P031,2025-09-18,143,2025-09-26,2025-10-03,16,7
PO00194,S07,P037,2025-02-16,228,2025-02-27,2025-02-26,26,0
PO00195,S12,P018,2025-07-15,208,2025-07-19,2025-07-28,24,9
PO00196,S06,P001,2025-12-10,214,2025-12-15,2025-12-16,8,1
PO00197,S10,P011,2026-08-31,60,2026-09-06,2026-09-07,8,1
PO00198,S06,P054,2025-06-21,100,2025-06-30,2025-07-02,18,2
PO00199,S10,P009,2025-09-14,86,2025-10-01,2025-10-09,22,8
PO00200,S01,P010,2025-01-28,198,2025-01-31,2025-02-08,19,8
PO00201,S05,P038,2025-12-25,188,2026-01-11,2026-01-21,13,10
PO00202,S10,P054,2026-08-27,115,2026-09-05,2026-09-09,5,4
PO00203,S10,P045,2025-08-25,94,2025-09-05,2025-09-14,14,9
PO00204,S04,P004,2025-05-20,207,2025-06-04,2025-06-02,15,0
PO00205,S01,P016,2025-10-17,249,2025-10-22,2025-11-01,17,10
PO00206,S11,P045,2025-07-09,239,2025-07-20,2025-07-23,8,3
PO00207,S04,P041,2025-06-10,58,2025-06-18,2025-06-22,2,4
PO00208,S03,P060,2025-09-25,235,2025-09-28,2025-09-25,23,0
PO00209,S02,P031,2025-05-31,84,2025-06-08,2025-06-07,19,0
PO00210,S03,P016,2025-08-05,174,2025-08-10,2025-08-11,13,1
PO00211,S08,P032,2025-01-10,225,2025-01-13,2025-01-19,27,6
PO00212,S09,P035,2025-09-26,110,2025-10-06,2025-10-05,11,0
PO00213,S04,P051,2025-06-22,242,2025-07-10,2025-07-16,16,6
PO00214,S04,P015,2026-03-19,129,2026-04-03,2026-04-12,6,9
PO00215,S09,P025,2025-07-27,153,2025-08-17,2025-08-27,23,10
PO00216,S09,P013,2026-07-11,171,2026-07-17,2026-07-16,6,0
PO00217,S02,P013,2026-04-04,242,2026-04-10,2026-04-15,16,5
PO00218,S05,P047,2025-10-15,159,2025-10-21,2025-10-18,10,0
PO00219,S10,P035,2025-02-14,77,2025-02-24,2025-03-05,9,9
PO00220,S07,P031,2026-01-28,90,2026-02-05,2026-02-02,21,0
PO00221,S10,P007,2026-02-05,68,2026-02-22,2026-02-19,14,0
PO00222,S10,P041,2025-06-19,107,2025-06-27,2025-06-29,8,2
PO00223,S03,P017,2025-09-19,219,2025-10-04,2025-10-05,23,1
PO00224,S03,P057,2026-07-08,98,2026-07-27,2026-07-27,17,0
PO00225,S04,P046,2026-06-15,48,2026-07-05,2026-07-04,16,0
PO00226,S06,P054,2026-02-15,223,2026-02-24,2026-02-21,16,0
PO00227,S03,P014,2026-07-10,229,2026-07-19,2026-07-29,15,10
PO00228,S09,P015,2025-08-27,82,2025-09-11,2025-09-14,9,3
PO00229,S03,P021,2025-07-23,58,2025-08-10,2025-08-12,29,2
PO00230,S07,P007,2026-06-21,109,2026-07-08,2026-07-14,25,6
PO00231,S04,P045,2025-01-23,106,2025-02-03,2025-02-11,27,8
PO00232,S11,P048,2025-08-15,100,2025-08-28,2025-09-02,27,5
PO00233,S04,P018,2026-06-18,41,2026-06-22,2026-06-30,3,8
PO00234,S03,P001,2026-08-26,123,2026-08-31,2026-09-04,22,4
PO00235,S03,P006,2026-04-08,50,2026-04-12,2026-04-14,18,2
PO00236,S12,P023,2026-01-04,165,2026-01-12,2026-01-14,11,2
PO00237,S01,P042,2025-05-25,162,2025-06-06,2025-06-04,19,0
PO00238,S07,P048,2025-05-25,195,2025-06-07,2025-06-10,29,3
PO00239,S04,P018,2025-12-27,40,2025-12-31,2025-12-28,15,0
PO00240,S06,P003,2026-03-30,224,2026-04-03,2026-04-03,4,0
PO00241,S07,P026,2026-08-24,180,2026-09-07,2026-09-04,17,0
PO00242,S02,P005,2026-02-06,102,2026-02-20,2026-02-27,8,7
PO00243,S06,P049,2026-06-21,191,2026-07-04,2026-07-14,22,10
PO00244,S10,P012,2026-08-06,248,2026-08-18,2026-08-26,18,8
PO00245,S11,P054,2026-06-30,213,2026-07-09,2026-07-16,12,7
PO00246,S10,P025,2026-05-08,235,2026-05-29,2026-06-02,18,4
PO00247,S08,P010,2025-12-11,143,2025-12-14,2025-12-23,20,9
PO00248,S06,P009,2026-03-16,210,2026-04-02,2026-04-10,23,8
PO00249,S12,P052,2026-01-05,84,2026-01-13,2026-01-20,17,7
PO00250,S10,P007,2025-11-27,235,2025-12-14,2025-12-24,7,10
PO00251,S07,P027,2026-02-06,157,2026-02-17,2026-02-16,27,0
PO00252,S12,P044,2025-05-14,86,2025-05-26,2025-06-02,15,7
PO00253,S10,P058,2026-04-28,127,2026-05-09,2026-05-09,20,0
PO00254,S03,P028,2025-01-17,218,2025-01-26,2025-01-30,24,4
PO00255,S02,P001,2025-03-09,187,2025-03-14,2025-03-14,7,0
PO00256,S11,P052,2026-04-09,98,2026-04-17,2026-04-17,18,0
PO00257,S02,P052,2026-03-29,142,2026-04-06,2026-04-09,23,3
PO00258,S10,P010,2026-01-19,132,2026-01-22,2026-01-24,12,2
PO00259,S04,P029,2025-06-21,91,2025-07-05,2025-07-15,2,10
PO00260,S02,P015,2025-04-02,247,2025-04-17,2025-04-18,15,1
PO00261,S02,P025,2025-07-10,84,2025-07-31,2025-07-28,24,0
PO00262,S10,P026,2026-05-22,142,2026-06-05,2026-06-07,8,2
PO00263,S08,P014,2025-06-27,168,2025-07-06,2025-07-17,20,11
PO00264,S12,P023,2025-09-01,179,2025-09-09,2025-09-18,20,9
PO00265,S10,P029,2025-08-05,138,2025-08-19,2025-08-26,15,7
PO00266,S01,P038,2026-05-07,196,2026-05-24,2026-06-04,4,11
PO00267,S02,P040,2025-10-26,213,2025-10-30,2025-11-09,9,10
PO00268,S03,P026,2025-08-05,145,2025-08-19,2025-08-29,21,10
PO00269,S12,P012,2025-11-17,58,2025-11-29,2025-12-01,27,2
PO00270,S09,P038,2025-01-09,78,2025-01-26,2025-01-27,21,1
PO00271,S01,P001,2026-05-18,63,2026-05-23,2026-05-28,4,5
PO00272,S08,P008,2025-11-27,172,2025-12-07,2025-12-15,15,8
PO00273,S05,P039,2025-01-10,90,2025-01-14,2025-01-11,5,0
PO00274,S03,P017,2025-02-16,98,2025-03-03,2025-03-02,16,0
PO00275,S01,P017,2025-01-31,64,2025-02-15,2025-02-21,14,6
PO00276,S08,P048,2026-01-11,235,2026-01-24,2026-02-01,9,8
PO00277,S07,P057,2026-05-27,60,2026-06-15,2026-06-20,26,5
PO00278,S01,P014,2026-03-14,124,2026-03-23,2026-03-25,10,2
PO00279,S06,P060,2025-02-17,91,2025-02-20,2025-02-27,6,7
PO00280,S11,P049,2026-01-20,199,2026-02-02,2026-02-08,13,6
PO00281,S07,P007,2025-12-05,36,2025-12-22,2025-12-29,17,7
PO00282,S07,P023,2025-06-23,89,2025-07-01,2025-07-02,5,1
PO00283,S12,P049,2026-01-22,167,2026-02-04,2026-02-08,19,4
PO00284,S08,P026,2026-04-22,121,2026-05-06,2026-05-10,17,4
PO00285,S04,P018,2025-02-17,126,2025-02-21,2025-02-28,21,7
PO00286,S01,P060,2026-04-08,204,2026-04-11,2026-04-12,14,1
PO00287,S09,P022,2026-06-09,171,2026-06-15,2026-06-21,16,6
PO00288,S08,P005,2025-01-26,241,2025-02-09,2025-02-13,26,4
PO00289,S09,P023,2026-01-23,185,2026-01-31,2026-01-31,16,0
PO00290,S04,P005,2025-11-18,123,2025-12-02,2025-12-03,16,1
PO00291,S05,P057,2026-05-30,116,2026-06-18,2026-06-24,14,6
PO00292,S03,P016,2025-08-19,206,2025-08-24,2025-08-27,6,3
PO00293,S09,P041,2025-09-22,47,2025-09-30,2025-10-04,2,4
PO00294,S01,P049,2026-06-24,178,2026-07-07,2026-07-09,2,2
PO00295,S12,P014,2025-12-04,101,2025-12-13,2025-12-18,9,5
PO00296,S04,P001,2025-04-11,166,2025-04-16,2025-04-20,20,4
PO00297,S05,P009,2026-05-28,74,2026-06-14,2026-06-12,6,0
PO00298,S02,P050,2025-12-20,249,2025-12-31,2026-01-03,19,3
PO00299,S01,P013,2025-04-05,239,2025-04-11,2025-04-08,6,0
PO00300,S06,P049,2025-08-06,187,2025-08-19,2025-08-29,16,10
PO00301,S09,P029,2026-06-19,131,2026-07-03,2026-07-14,9,11
PO00302,S01,P014,2025-12-18,247,2025-12-27,2026-01-05,4,9
PO00303,S12,P050,2025-09-14,86,2025-09-25,2025-09-24,16,0
PO00304,S08,P051,2025-10-21,143,2025-11-08,2025-11-12,21,4
PO00305,S12,P051,2026-08-01,166,2026-08-19,2026-08-20,22,1
PO00306,S05,P003,2026-06-15,59,2026-06-19,2026-06-18,17,0
PO00307,S02,P026,2026-03-23,208,2026-04-06,2026-04-13,23,7
PO00308,S07,P015,2025-03-05,112,2025-03-20,2025-03-27,16,7
PO00309,S10,P006,2025-10-07,223,2025-10-11,2025-10-16,16,5
PO00310,S10,P042,2025-04-06,142,2025-04-18,2025-04-22,2,4
PO00311,S11,P049,2025-06-22,115,2025-07-05,2025-07-07,17,2
PO00312,S04,P011,2025-09-03,144,2025-09-09,2025-09-14,27,5
PO00313,S08,P024,2026-04-16,124,2026-05-06,2026-05-06,15,0
PO00314,S11,P052,2025-04-17,106,2025-04-25,2025-05-05,9,10
PO00315,S03,P004,2025-07-11,153,2025-07-26,2025-07-31,8,5
PO00316,S10,P045,2025-03-02,60,2025-03-13,2025-03-23,4,10
PO00317,S07,P040,2026-04-26,158,2026-04-30,2026-05-04,8,4
PO00318,S01,P043,2026-01-04,139,2026-01-19,2026-01-19,3,0
PO00319,S05,P027,2025-06-26,172,2025-07-07,2025-07-11,13,4
PO00320,S02,P048,2025-08-07,46,2025-08-20,2025-08-19,27,0
PO00321,S03,P050,2025-07-17,163,2025-07-28,2025-07-27,25,0
PO00322,S11,P013,2025-07-15,76,2025-07-21,2025-07-19,22,0
PO00323,S11,P053,2026-06-05,94,2026-06-26,2026-06-29,5,3
PO00324,S12,P021,2026-01-20,237,2026-02-07,2026-02-14,23,7
PO00325,S01,P007,2025-01-29,160,2025-02-15,2025-02-26,7,11
PO00326,S12,P008,2026-02-10,53,2026-02-20,2026-02-22,3,2
PO00327,S04,P021,2025-11-18,58,2025-12-06,2025-12-13,5,7
PO00328,S04,P060,2026-07-21,105,2026-07-24,2026-07-22,11,0
PO00329,S06,P026,2026-02-08,64,2026-02-22,2026-02-25,7,3
PO00330,S02,P005,2026-01-18,239,2026-02-01,2026-01-31,18,0
PO00331,S07,P060,2026-03-12,73,2026-03-15,2026-03-13,18,0
PO00332,S03,P038,2026-07-07,42,2026-07-24,2026-07-23,20,0
PO00333,S06,P042,2026-08-12,173,2026-08-24,2026-08-22,12,0
PO00334,S06,P036,2025-02-01,157,2025-02-13,2025-02-13,7,0
PO00335,S05,P001,2025-05-13,45,2025-05-18,2025-05-18,14,0
PO00336,S06,P009,2025-02-08,247,2025-02-25,2025-03-08,15,11
PO00337,S12,P053,2025-11-26,123,2025-12-17,2025-12-15,22,0
PO00338,S04,P051,2025-01-05,82,2025-01-23,2025-01-20,8,0
PO00339,S02,P041,2026-05-30,129,2026-06-07,2026-06-09,22,2
PO00340,S03,P008,2026-01-28,187,2026-02-07,2026-02-09,9,2
PO00341,S11,P057,2025-09-09,83,2025-09-28,2025-10-03,10,5
PO00342,S03,P035,2025-02-10,138,2025-02-20,2025-02-19,24,0
PO00343,S02,P025,2025-05-28,164,2025-06-18,2025-06-18,10,0
PO00344,S03,P060,2025-04-26,234,2025-04-29,2025-04-26,17,0
PO00345,S07,P026,2025-06-03,150,2025-06-17,2025-06-17,20,0
PO00346,S06,P049,2026-08-09,49,2026-08-22,2026-08-29,11,7
PO00347,S03,P054,2026-08-19,72,2026-08-28,2026-08-29,13,1
PO00348,S11,P026,2026-03-22,205,2026-04-05,2026-04-16,9,11
PO00349,S08,P027,2026-03-01,175,2026-03-12,2026-03-16,18,4
PO00350,S11,P039,2025-08-25,142,2025-08-29,2025-08-31,7,2
PO00351,S08,P047,2025-05-09,150,2025-05-15,2025-05-13,24,0
PO00352,S05,P004,2026-02-04,98,2026-02-19,2026-02-28,24,9
PO00353,S05,P032,2025-01-26,210,2025-01-29,2025-02-01,27,3
PO00354,S10,P031,2026-02-27,59,2026-03-07,2026-03-17,20,10
PO00355,S06,P046,2025-11-15,87,2025-12-05,2025-12-05,20,0
PO00356,S04,P021,2025-07-23,110,2025-08-10,2025-08-17,4,7
PO00357,S12,P027,2025-04-20,177,2025-05-01,2025-05-06,7,5
PO00358,S06,P030,2026-02-03,212,2026-02-17,2026-02-26,10,9
PO00359,S04,P012,2025-07-08,239,2025-07-20,2025-07-22,5,2
PO00360,S10,P026,2025-10-23,242,2025-11-06,2025-11-13,22,7
PO00361,S02,P046,2025-10-01,158,2025-10-21,2025-10-19,7,0
PO00362,S10,P009,2026-02-04,91,2026-02-21,2026-02-28,22,7
PO00363,S11,P049,2026-06-21,69,2026-07-04,2026-07-06,23,2
PO00364,S08,P025,2026-01-02,122,2026-01-23,2026-01-22,29,0
PO00365,S01,P006,2026-05-11,119,2026-05-15,2026-05-21,14,6
PO00366,S07,P027,2025-02-05,64,2025-02-16,2025-02-19,28,3
PO00367,S05,P011,2025-07-23,90,2025-07-29,2025-08-05,10,7
PO00368,S04,P007,2025-10-12,148,2025-10-29,2025-11-08,26,10
PO00369,S07,P018,2025-01-14,165,2025-01-18,2025-01-16,6,0
PO00370,S03,P041,2025-10-18,52,2025-10-26,2025-11-03,22,8
PO00371,S11,P035,2025-09-23,71,2025-10-03,2025-10-03,6,0
PO00372,S04,P013,2025-05-11,160,2025-05-17,2025-05-23,6,6
PO00373,S09,P021,2025-11-08,229,2025-11-26,2025-11-27,14,1
PO00374,S08,P036,2025-09-25,153,2025-10-07,2025-10-08,15,1
PO00375,S11,P019,2026-02-15,51,2026-02-21,2026-02-28,28,7
PO00376,S09,P004,2025-12-25,231,2026-01-09,2026-01-13,15,4
PO00377,S04,P019,2026-01-11,212,2026-01-17,2026-01-25,26,8
PO00378,S07,P037,2025-07-26,198,2025-08-06,2025-08-07,10,1
PO00379,S08,P053,2025-08-04,220,2025-08-25,2025-08-26,28,1
PO00380,S06,P032,2026-03-03,239,2026-03-06,2026-03-14,17,8
PO00381,S11,P036,2025-09-03,114,2025-09-15,2025-09-26,13,11
PO00382,S02,P037,2025-01-25,144,2025-02-05,2025-02-09,24,4
PO00383,S10,P034,2025-11-10,229,2025-12-01,2025-12-08,19,7
PO00384,S08,P047,2025-01-31,124,2025-02-06,2025-02-10,5,4
PO00385,S07,P009,2025-07-29,34,2025-08-15,2025-08-19,5,4
PO00386,S11,P005,2026-04-07,186,2026-04-21,2026-04-29,6,8
PO00387,S05,P039,2025-01-01,146,2025-01-05,2025-01-02,24,0
PO00388,S05,P004,2025-11-08,134,2025-11-23,2025-11-23,13,0
PO00389,S01,P004,2025-03-02,181,2025-03-17,2025-03-20,24,3
PO00390,S05,P005,2026-08-23,84,2026-09-06,2026-09-11,15,5
PO00391,S06,P020,2025-10-14,134,2025-10-28,2025-11-02,22,5
PO00392,S01,P004,2025-09-07,229,2025-09-22,2025-09-20,3,0
PO00393,S06,P041,2025-05-21,75,2025-05-29,2025-06-02,20,4
PO00394,S04,P039,2025-11-17,219,2025-11-21,2025-11-23,10,2
PO00395,S08,P010,2025-01-20,84,2025-01-23,2025-01-20,21,0
PO00396,S05,P060,2025-08-31,148,2025-09-03,2025-09-06,19,3
PO00397,S12,P054,2025-05-02,185,2025-05-11,2025-05-22,10,11
PO00398,S04,P016,2026-03-11,203,2026-03-16,2026-03-21,5,5
PO00399,S08,P021,2025-12-05,246,2025-12-23,2025-12-29,28,6
PO00400,S11,P041,2025-04-22,189,2025-04-30,2025-04-28,23,0
PO00401,S09,P053,2025-07-31,136,2025-08-21,2025-08-31,15,10
PO00402,S10,P059,2026-02-01,52,2026-02-09,2026-02-08,27,0
PO00403,S01,P011,2026-07-31,138,2026-08-06,2026-08-04,8,0
PO00404,S09,P025,2026-08-28,151,2026-09-18,2026-09-27,18,9
PO00405,S04,P055,2026-08-27,144,2026-09-09,2026-09-07,28,0
PO00406,S11,P006,2026-02-13,68,2026-02-17,2026-02-15,27,0
PO00407,S03,P041,2025-02-12,207,2025-02-20,2025-02-18,25,0
PO00408,S08,P006,2025-01-18,194,2025-01-22,2025-01-30,27,8
PO00409,S03,P014,2026-02-18,43,2026-02-27,2026-03-02,17,3
PO00410,S03,P045,2026-04-09,183,2026-04-20,2026-04-22,8,2
PO00411,S06,P004,2025-06-08,54,2025-06-23,2025-06-28,17,5
PO00412,S03,P006,2025-02-20,179,2025-02-24,2025-02-22,11,0
PO00413,S12,P012,2025-06-05,180,2025-06-17,2025-06-16,15,0
PO00414,S01,P019,2026-03-31,103,2026-04-06,2026-04-05,15,0
PO00415,S03,P050,2025-12-11,222,2025-12-22,2025-12-28,21,6
PO00416,S03,P054,2026-08-09,152,2026-08-18,2026-08-18,13,0
PO00417,S12,P045,2026-02-24,37,2026-03-07,2026-03-14,15,7
PO00418,S10,P024,2026-03-07,44,2026-03-27,2026-03-26,17,0
PO00419,S05,P030,2026-05-06,220,2026-05-20,2026-05-25,14,5
PO00420,S08,P038,2026-01-22,202,2026-02-08,2026-02-17,29,9
PO00421,S06,P009,2025-10-08,141,2025-10-25,2025-11-01,16,7
PO00422,S04,P026,2025-10-06,217,2025-10-20,2025-10-17,10,0
PO00423,S03,P059,2026-01-02,206,2026-01-10,2026-01-12,9,2
PO00424,S02,P017,2025-04-03,71,2025-04-18,2025-04-22,14,4
PO00425,S11,P001,2026-02-15,45,2026-02-20,2026-02-17,25,0
PO00426,S06,P034,2025-11-02,240,2025-11-23,2025-11-24,27,1
PO00427,S12,P035,2026-03-20,225,2026-03-30,2026-03-31,14,1
PO00428,S10,P031,2026-07-19,180,2026-07-27,2026-07-31,21,4
PO00429,S06,P020,2025-10-30,209,2025-11-13,2025-11-21,17,8
PO00430,S10,P002,2025-11-05,249,2025-11-19,2025-11-23,15,4
PO00431,S10,P008,2026-03-03,219,2026-03-13,2026-03-13,4,0
PO00432,S01,P053,2025-11-05,119,2025-11-26,2025-12-05,28,9
PO00433,S04,P054,2025-12-24,184,2026-01-02,2025-12-30,29,0
PO00434,S05,P059,2025-03-19,165,2025-03-27,2025-03-25,23,0
PO00435,S11,P003,2026-07-22,64,2026-07-26,2026-08-05,27,10
PO00436,S03,P060,2025-12-18,248,2025-12-21,2025-12-27,27,6
PO00437,S02,P012,2025-06-07,44,2025-06-19,2025-06-17,7,0
PO00438,S08,P046,2025-11-11,208,2025-12-01,2025-12-04,13,3
PO00439,S06,P013,2025-04-17,159,2025-04-23,2025-04-27,29,4
PO00440,S09,P018,2026-05-14,133,2026-05-18,2026-05-25,9,7
PO00441,S12,P012,2025-07-13,107,2025-07-25,2025-07-22,22,0
PO00442,S02,P013,2025-08-26,151,2025-09-01,2025-09-03,7,2
PO00443,S12,P047,2025-01-09,168,2025-01-15,2025-01-19,2,4
PO00444,S10,P053,2025-05-22,86,2025-06-12,2025-06-21,23,9
PO00445,S01,P017,2025-09-28,166,2025-10-13,2025-10-24,14,11
PO00446,S10,P049,2025-01-13,217,2025-01-26,2025-01-28,23,2
PO00447,S10,P036,2026-07-05,151,2026-07-17,2026-07-23,3,6
PO00448,S01,P041,2026-05-12,74,2026-05-20,2026-05-25,26,5
PO00449,S01,P020,2025-01-11,193,2025-01-25,2025-02-03,12,9
PO00450,S12,P014,2026-07-27,52,2026-08-05,2026-08-16,20,11
PO00451,S01,P020,2026-06-17,134,2026-07-01,2026-07-10,2,9
PO00452,S01,P041,2025-06-07,34,2025-06-15,2025-06-12,28,0
PO00453,S07,P048,2025-12-21,208,2026-01-03,2026-01-01,27,0
PO00454,S02,P002,2026-02-19,155,2026-03-05,2026-03-05,4,0
PO00455,S09,P033,2025-07-28,238,2025-08-02,2025-08-10,29,8
PO00456,S11,P028,2026-03-19,144,2026-03-28,2026-04-06,14,9
PO00457,S03,P034,2026-08-31,45,2026-09-21,2026-09-27,21,6
PO00458,S01,P036,2025-10-27,226,2025-11-08,2025-11-15,8,7
PO00459,S12,P052,2025-11-10,99,2025-11-18,2025-11-22,21,4
PO00460,S09,P038,2026-03-08,83,2026-03-25,2026-03-30,23,5
PO00461,S08,P056,2026-06-27,245,2026-07-09,2026-07-17,29,8
PO00462,S02,P036,2025-08-23,134,2025-09-04,2025-09-09,23,5
PO00463,S02,P027,2026-03-12,125,2026-03-23,2026-03-24,3,1
PO00464,S02,P053,2025-09-04,142,2025-09-25,2025-09-24,4,0
PO00465,S08,P057,2025-05-08,67,2025-05-27,2025-06-03,13,7
PO00466,S03,P044,2026-03-18,227,2026-03-30,2026-03-27,8,0
PO00467,S07,P058,2026-04-18,100,2026-04-29,2026-04-29,10,0
PO00468,S06,P014,2025-03-06,215,2025-03-15,2025-03-25,16,10
PO00469,S04,P031,2025-11-10,63,2025-11-18,2025-11-25,25,7
PO00470,S07,P009,2025-11-24,74,2025-12-11,2025-12-19,5,8
PO00471,S07,P016,2025-05-31,173,2025-06-05,2025-06-07,3,2
PO00472,S06,P033,2026-01-08,69,2026-01-13,2026-01-21,14,8
PO00473,S02,P021,2026-05-31,201,2026-06-18,2026-06-26,21,8
PO00474,S09,P047,2025-11-06,34,2025-11-12,2025-11-13,18,1
PO00475,S06,P047,2026-07-05,161,2026-07-11,2026-07-21,17,10
PO00476,S05,P029,2025-08-14,222,2025-08-28,2025-08-27,23,0
PO00477,S05,P030,2026-01-29,41,2026-02-12,2026-02-20,21,8
PO00478,S02,P014,2026-01-17,86,2026-01-26,2026-02-03,28,8
PO00479,S07,P058,2026-07-25,33,2026-08-05,2026-08-02,10,0
PO00480,S07,P041,2025-06-24,97,2025-07-02,2025-07-01,20,0
PO00481,S08,P031,2025-05-26,80,2025-06-03,2025-06-08,11,5
PO00482,S05,P016,2025-11-27,71,2025-12-02,2025-12-01,17,0
PO00483,S03,P009,2025-06-24,36,2025-07-11,2025-07-12,28,1
PO00484,S11,P049,2026-05-02,212,2026-05-15,2026-05-17,4,2
PO00485,S07,P045,2025-01-04,154,2025-01-15,2025-01-24,24,9
PO00486,S03,P024,2025-07-08,95,2025-07-28,2025-07-29,11,1
PO00487,S01,P028,2025-06-17,99,2025-06-26,2025-07-06,6,10
PO00488,S11,P041,2025-12-08,54,2025-12-16,2025-12-19,27,3
PO00489,S05,P042,2025-10-28,137,2025-11-09,2025-11-14,9,5
PO00490,S01,P045,2025-03-21,215,2025-04-01,2025-04-12,17,11
PO00491,S08,P037,2026-07-01,175,2026-07-12,2026-07-16,11,4
PO00492,S05,P015,2026-02-18,62,2026-03-05,2026-03-10,20,5
PO00493,S01,P019,2026-03-05,211,2026-03-11,2026-03-14,22,3
PO00494,S05,P040,2025-08-06,101,2025-08-10,2025-08-21,7,11
PO00495,S03,P040,2026-06-10,63,2026-06-14,2026-06-13,18,0
PO00496,S08,P022,2026-08-31,248,2026-09-06,2026-09-06,27,0
PO00497,S11,P006,2026-07-16,91,2026-07-20,2026-07-26,2,6
PO00498,S01,P005,2026-07-24,139,2026-08-07,2026-08-13,5,6
PO00499,S07,P023,2026-07-01,82,2026-07-09,2026-07-18,20,9
PO00500,S12,P026,2025-09-30,131,2025-10-14,2025-10-20,26,6
