sales_order_id,order_date,product_id,quantity_sold,unit_price,sales_revenue
SO00001,2025-05-24,P054,4,45.82,183.28
SO00002,2026-01-26,P015,9,259.07,2331.63
SO00003,2025-09-11,P057,5,178.62,893.1
SO00004,2025-01-05,P003,6,84.0,504.0
SO00005,2025-11-15,P056,14,28.69,401.66
SO00006,2025-02-26,P007,13,40.01,520.13
SO00007,2025-02-01,P007,7,40.01,280.07
SO00008,2026-02-24,P056,2,28.69,57.38
SO00009,2026-05-28,P051,13,231.05,3003.65
SO00010,2025-05-26,P055,15,10.09,151.35
SO00011,2026-05-03,P020,9,58.91,530.19
SO00012,2026-01-17,P047,10,97.95,979.5
SO00013,2026-04-19,P037,12,160.55,1926.6
SO00014,2026-05-18,P009,9,82.08,738.72
SO00015,2025-11-09,P020,15,58.91,883.65
SO00016,2026-05-22,P052,7,156.78,1097.46
SO00017,2025-08-23,P048,11,240.2,2642.2
SO00018,2025-06-01,P039,4,17.75,71.0
SO00019,2025-03-26,P004,7,119.09,833.63
SO00020,2025-04-11,P029,7,57.43,402.01
SO00021,2025-05-22,P037,6,160.55,963.3
SO00022,2025-11-04,P023,6,209.13,1254.78
SO00023,2025-07-19,P045,7,19.68,137.76
SO00024,2025-04-22,P023,11,209.13,2300.43
SO00025,2025-06-30,P015,12,259.07,3108.84
SO00026,2026-02-12,P057,14,178.62,2500.68
SO00027,2025-10-20,P052,12,156.78,1881.36
SO00028,2025-10-07,P020,9,58.91,530.19
SO00029,2026-05-31,P058,8,155.74,1245.92
SO00030,2025-05-04,P040,13,119.11,1548.43
SO00031,2025-11-20,P034,12,210.53,2526.36
SO00032,2025-02-14,P038,5,76.49,382.45
SO00033,2026-03-23,P011,1,108.59,108.59
SO00034,2025-12-30,P013,11,183.96,2023.56
SO00035,2026-06-08,P031,14,244.15,3418.1
SO00036,2026-08-03,P008,10,158.82,1588.2
SO00037,2025-02-27,P039,10,17.75,177.5
SO00038,2025-12-20,P044,2,88.37,176.74
SO00039,2026-07-24,P032,11,174.64,1921.04
SO00040,2026-08-07,P009,15,82.08,1231.2
SO00041,2026-05-02,P011,7,108.59,760.13
SO00042,2025-09-28,P036,12,183.83,2205.96
SO00043,2026-04-29,P060,14,154.9,2168.6
SO00044,2025-02-24,P057,4,178.62,714.48
SO00045,2025-12-25,P044,1,88.37,88.37
SO00046,2025-11-13,P006,10,68.03,680.3
SO00047,2025-04-15,P011,2,108.59,217.18
SO00048,2025-01-05,P034,9,210.53,1894.77
SO00049,2025-10-11,P029,11,57.43,631.73
SO00050,2026-03-19,P032,12,174.64,2095.68
SO00051,2026-05-01,P056,8,28.69,229.52
SO00052,2025-05-24,P030,9,45.57,410.13
SO00053,2026-07-21,P009,13,82.08,1067.04
SO00054,2026-04-23,P008,2,158.82,317.64
SO00055,2025-02-23,P044,8,88.37,706.96
SO00056,2026-03-20,P040,7,119.11,833.77
SO00057,2026-04-16,P056,4,28.69,114.76
SO00058,2026-03-21,P041,6,85.47,512.82
SO00059,2026-07-01,P045,13,19.68,255.84
SO00060,2026-01-21,P046,5,75.06,375.3
SO00061,2025-08-10,P048,8,240.2,1921.6
SO00062,2025-07-10,P019,3,188.61,565.83
SO00063,2025-03-31,P058,2,155.74,311.48
SO00064,2025-12-04,P057,7,178.62,1250.34
SO00065,2025-08-22,P045,2,19.68,39.36
SO00066,2025-04-18,P044,9,88.37,795.33
SO00067,2026-07-24,P057,6,178.62,1071.72
SO00068,2026-01-08,P047,8,97.95,783.6
SO00069,2025-08-17,P009,10,82.08,820.8
SO00070,2025-01-03,P060,11,154.9,1703.9
SO00071,2026-08-02,P051,7,231.05,1617.35
SO00072,2025-06-14,P008,13,158.82,2064.66
SO00073,2026-01-23,P053,2,246.77,493.54
SO00074,2025-10-18,P008,9,158.82,1429.38
SO00075,2026-02-22,P002,9,350.61,3155.49
SO00076,2025-02-28,P001,7,263.72,1846.04
SO00077,2026-05-17,P044,7,88.37,618.59
SO00078,2026-08-12,P018,7,106.05,742.35
SO00079,2025-09-26,P019,1,188.61,188.61
SO00080,2025-11-10,P019,14,188.61,2640.54
SO00081,2026-04-21,P045,9,19.68,177.12
SO00082,2025-08-26,P007,15,40.01,600.15
SO00083,2026-06-19,P003,11,84.0,924.0
SO00084,2026-04-19,P018,13,106.05,1378.65
SO00085,2025-03-06,P003,10,84.0,840.0
SO00086,2025-01-15,P060,10,154.9,1549.0
SO00087,2026-01-31,P009,10,82.08,820.8
SO00088,2026-02-18,P006,14,68.03,952.42
SO00089,2025-01-18,P052,4,156.78,627.12
SO00090,2025-10-03,P015,3,259.07,777.21
SO00091,2026-04-18,P052,13,156.78,2038.14
SO00092,2025-01-09,P012,14,305.41,4275.74
SO00093,2026-02-04,P018,14,106.05,1484.7
SO00094,2025-01-04,P003,1,84.0,84.0
SO00095,2025-02-01,P010,13,232.0,3016.0
SO00096,2026-08-19,P037,13,160.55,2087.15
SO00097,2025-05-26,P058,5,155.74,778.7
SO00098,2025-05-29,P051,1,231.05,231.05
SO00099,2026-05-02,P041,15,85.47,1282.05
SO00100,2025-03-15,P056,12,28.69,344.28
SO00101,2026-03-01,P051,13,231.05,3003.65
SO00102,2025-09-29,P051,1,231.05,231.05
SO00103,2025-05-03,P028,2,217.94,435.88
SO00104,2026-03-01,P008,8,158.82,1270.56
SO00105,2026-03-30,P033,9,174.99,1574.91
SO00106,2025-02-22,P038,13,76.49,994.37
SO00107,2025-04-05,P027,13,137.31,1785.03
SO00108,2025-02-02,P045,3,19.68,59.04
SO00109,2025-06-14,P001,2,263.72,527.44
SO00110,2025-11-14,P043,15,208.84,3132.6
SO00111,2026-01-07,P045,8,19.68,157.44
SO00112,2025-02-12,P004,10,119.09,1190.9
SO00113,2025-01-26,P001,4,263.72,1054.88
SO00114,2025-10-07,P054,11,45.82,504.02
SO00115,2025-04-16,P025,6,178.06,1068.36
SO00116,2026-04-14,P006,3,68.03,204.09
SO00117,2026-08-19,P023,9,209.13,1882.17
SO00118,2025-11-27,P028,12,217.94,2615.28
SO00119,2026-01-22,P016,14,227.97,3191.58
SO00120,2025-09-29,P035,3,220.57,661.71
SO00121,2026-07-30,P015,9,259.07,2331.63
SO00122,2025-09-12,P019,9,188.61,1697.49
SO00123,2026-03-02,P033,4,174.99,699.96
SO00124,2025-09-27,P039,15,17.75,266.25
SO00125,2025-04-01,P010,7,232.0,1624.0
SO00126,2026-02-25,P031,7,244.15,1709.05
SO00127,2025-10-16,P055,2,10.09,20.18
SO00128,2026-08-15,P008,3,158.82,476.46
SO00129,2025-06-19,P057,2,178.62,357.24
SO00130,2026-01-09,P019,7,188.61,1320.27
SO00131,2026-01-07,P048,7,240.2,1681.4
SO00132,2026-08-14,P039,7,17.75,124.25
SO00133,2025-09-06,P010,13,232.0,3016.0
SO00134,2026-08-01,P014,9,75.6,680.4
SO00135,2025-07-12,P037,14,160.55,2247.7
SO00136,2025-07-01,P003,7,84.0,588.0
SO00137,2025-10-16,P029,3,57.43,172.29
SO00138,2025-02-27,P014,9,75.6,680.4
SO00139,2025-12-10,P022,9,8.95,80.55
SO00140,2025-11-29,P043,10,208.84,2088.4
SO00141,2026-02-01,P036,10,183.83,1838.3
SO00142,2025-05-30,P019,12,188.61,2263.32
SO00143,2025-11-30,P021,3,58.66,175.98
SO00144,2025-11-19,P026,10,182.16,1821.6
SO00145,2025-08-08,P032,15,174.64,2619.6
SO00146,2026-05-07,P031,12,244.15,2929.8
SO00147,2026-06-23,P034,2,210.53,421.06
SO00148,2026-06-01,P056,8,28.69,229.52
SO00149,2025-11-13,P045,5,19.68,98.4
SO00150,2025-05-30,P048,5,240.2,1201.0
SO00151,2026-05-25,P032,6,174.64,1047.84
SO00152,2025-01-26,P030,2,45.57,91.14
SO00153,2025-02-13,P004,14,119.09,1667.26
SO00154,2026-05-15,P051,1,231.05,231.05
SO00155,2025-06-20,P005,9,116.3,1046.7
SO00156,2025-10-24,P021,3,58.66,175.98
SO00157,2025-07-10,P044,1,88.37,88.37
SO00158,2026-07-03,P045,1,19.68,19.68
SO00159,2026-05-18,P027,11,137.31,1510.41
SO00160,2025-09-10,P052,6,156.78,940.68
SO00161,2025-04-04,P043,4,208.84,835.36
SO00162,2026-02-11,P037,2,160.55,321.1
SO00163,2025-08-10,P031,8,244.15,1953.2
SO00164,2025-02-16,P058,15,155.74,2336.1
SO00165,2026-04-15,P027,7,137.31,961.17
SO00166,2026-04-14,P019,11,188.61,2074.71
SO00167,2026-03-05,P009,12,82.08,984.96
SO00168,2026-07-17,P024,10,247.54,2475.4
SO00169,2025-01-07,P021,11,58.66,645.26
SO00170,2026-04-05,P013,8,183.96,1471.68
SO00171,2025-04-10,P029,11,57.43,631.73
SO00172,2025-09-11,P010,13,232.0,3016.0
SO00173,2026-08-25,P056,15,28.69,430.35
SO00174,2025-05-02,P034,13,210.53,2736.89
SO00175,2026-08-26,P049,10,144.59,1445.9
SO00176,2025-11-02,P009,7,82.08,574.56
SO00177,2025-08-27,P051,5,231.05,1155.25
SO00178,2026-05-23,P005,12,116.3,1395.6
SO00179,2025-09-21,P003,8,84.0,672.0
SO00180,2026-07-13,P029,3,57.43,172.29
SO00181,2025-04-21,P019,4,188.61,754.44
SO00182,2026-07-26,P055,1,10.09,10.09
SO00183,2025-05-22,P038,3,76.49,229.47
SO00184,2025-04-29,P018,8,106.05,848.4
SO00185,2025-12-23,P060,11,154.9,1703.9
SO00186,2025-01-09,P030,2,45.57,91.14
SO00187,2025-05-29,P017,13,141.17,1835.21
SO00188,2026-06-04,P051,10,231.05,2310.5
SO00189,2026-01-30,P034,7,210.53,1473.71
SO00190,2026-04-29,P041,12,85.47,1025.64
SO00191,2025-02-05,P037,11,160.55,1766.05
SO00192,2026-03-29,P022,9,8.95,80.55
SO00193,2025-07-25,P053,14,246.77,3454.78
SO00194,2025-07-21,P051,8,231.05,1848.4
SO00195,2026-04-13,P032,11,174.64,1921.04
SO00196,2025-08-13,P052,8,156.78,1254.24
SO00197,2026-07-08,P026,5,182.16,910.8
SO00198,2025-03-15,P036,13,183.83,2389.79
SO00199,2025-07-27,P024,9,247.54,2227.86
SO00200,2026-05-31,P030,8,45.57,364.56
SO00201,2025-03-05,P032,1,174.64,174.64
SO00202,2026-08-30,P024,14,247.54,3465.56
SO00203,2026-01-19,P038,6,76.49,458.94
SO00204,2025-01-06,P011,6,108.59,651.54
SO00205,2025-04-27,P019,4,188.61,754.44
SO00206,2026-01-05,P002,14,350.61,4908.54
SO00207,2025-09-30,P042,7,110.42,772.94
SO00208,2025-03-28,P019,9,188.61,1697.49
SO00209,2025-01-05,P034,7,210.53,1473.71
SO00210,2025-04-14,P017,11,141.17,1552.87
SO00211,2026-01-21,P032,11,174.64,1921.04
SO00212,2026-05-04,P059,10,43.83,438.3
SO00213,2025-10-18,P053,15,246.77,3701.55
SO00214,2026-01-31,P046,14,75.06,1050.84
SO00215,2026-03-15,P031,5,244.15,1220.75
SO00216,2026-01-15,P058,12,155.74,1868.88
SO00217,2026-06-12,P028,2,217.94,435.88
SO00218,2025-11-05,P007,11,40.01,440.11
SO00219,2025-09-25,P049,10,144.59,1445.9
SO00220,2026-08-08,P034,10,210.53,2105.3
SO00221,2026-08-13,P026,2,182.16,364.32
SO00222,2025-04-04,P060,5,154.9,774.5
SO00223,2026-03-23,P050,15,214.91,3223.65
SO00224,2026-01-23,P045,6,19.68,118.08
SO00225,2025-03-17,P001,5,263.72,1318.6
SO00226,2025-11-05,P003,12,84.0,1008.0
SO00227,2025-10-25,P058,14,155.74,2180.36
SO00228,2026-06-07,P060,7,154.9,1084.3
SO00229,2026-08-18,P020,4,58.91,235.64
SO00230,2025-02-15,P025,12,178.06,2136.72
SO00231,2025-02-21,P039,4,17.75,71.0
SO00232,2025-11-25,P034,13,210.53,2736.89
SO00233,2026-07-17,P016,7,227.97,1595.79
SO00234,2025-05-25,P050,1,214.91,214.91
SO00235,2025-08-15,P004,15,119.09,1786.35
SO00236,2025-08-13,P003,2,84.0,168.0
SO00237,2026-02-15,P056,12,28.69,344.28
SO00238,2026-02-04,P043,12,208.84,2506.08
SO00239,2026-06-11,P001,12,263.72,3164.64
SO00240,2025-08-28,P045,13,19.68,255.84
SO00241,2025-01-30,P023,14,209.13,2927.82
SO00242,2025-03-03,P015,10,259.07,2590.7
SO00243,2026-06-06,P015,7,259.07,1813.49
SO00244,2026-08-02,P001,8,263.72,2109.76
SO00245,2026-02-16,P016,8,227.97,1823.76
SO00246,2026-04-07,P002,7,350.61,2454.27
SO00247,2026-06-29,P042,10,110.42,1104.2
SO00248,2025-06-04,P041,4,85.47,341.88
SO00249,2026-06-03,P025,8,178.06,1424.48
SO00250,2026-04-20,P021,13,58.66,762.58
SO00251,2025-07-01,P055,11,10.09,110.99
SO00252,2025-09-30,P036,6,183.83,1102.98
SO00253,2025-06-17,P007,9,40.01,360.09
SO00254,2026-06-11,P054,3,45.82,137.46
SO00255,2025-02-21,P041,11,85.47,940.17
SO00256,2025-10-01,P021,11,58.66,645.26
SO00257,2026-05-06,P026,9,182.16,1639.44
SO00258,2026-01-24,P060,5,154.9,774.5
SO00259,2025-09-06,P047,9,97.95,881.55
SO00260,2025-03-14,P009,9,82.08,738.72
SO00261,2026-08-30,P012,13,305.41,3970.33
SO00262,2026-03-23,P043,9,208.84,1879.56
SO00263,2025-08-27,P004,8,119.09,952.72
SO00264,2025-05-14,P055,8,10.09,80.72
SO00265,2025-03-23,P021,2,58.66,117.32
SO00266,2025-02-20,P022,2,8.95,17.9
SO00267,2025-05-03,P022,9,8.95,80.55
SO00268,2025-07-03,P002,7,350.61,2454.27
SO00269,2026-01-21,P058,14,155.74,2180.36
SO00270,2025-10-01,P021,7,58.66,410.62
SO00271,2026-08-07,P054,15,45.82,687.3
SO00272,2025-11-02,P046,9,75.06,675.54
SO00273,2025-06-23,P059,6,43.83,262.98
SO00274,2025-08-23,P054,4,45.82,183.28
SO00275,2025-07-17,P034,14,210.53,2947.42
SO00276,2025-07-06,P055,8,10.09,80.72
SO00277,2026-03-28,P060,4,154.9,619.6
SO00278,2026-01-12,P036,10,183.83,1838.3
SO00279,2025-07-02,P002,13,350.61,4557.93
SO00280,2025-07-02,P015,5,259.07,1295.35
SO00281,2025-04-05,P011,6,108.59,651.54
SO00282,2025-01-01,P053,5,246.77,1233.85
SO00283,2025-12-08,P004,4,119.09,476.36
SO00284,2025-12-22,P048,12,240.2,2882.4
SO00285,2025-09-24,P039,13,17.75,230.75
SO00286,2026-08-01,P029,15,57.43,861.45
SO00287,2026-02-15,P036,4,183.83,735.32
SO00288,2026-02-13,P049,14,144.59,2024.26
SO00289,2026-04-24,P017,8,141.17,1129.36
SO00290,2025-04-15,P012,9,305.41,2748.69
SO00291,2025-03-03,P020,7,58.91,412.37
SO00292,2025-07-13,P040,15,119.11,1786.65
SO00293,2025-11-08,P047,15,97.95,1469.25
SO00294,2025-03-26,P026,1,182.16,182.16
SO00295,2026-08-07,P057,12,178.62,2143.44
SO00296,2025-06-28,P007,1,40.01,40.01
SO00297,2025-05-30,P004,9,119.09,1071.81
SO00298,2026-08-22,P004,7,119.09,833.63
SO00299,2025-11-10,P016,12,227.97,2735.64
SO00300,2025-01-29,P019,1,188.61,188.61
SO00301,2025-03-09,P052,10,156.78,1567.8
SO00302,2026-04-18,P024,1,247.54,247.54
SO00303,2026-03-01,P054,7,45.82,320.74
SO00304,2026-08-18,P013,5,183.96,919.8
SO00305,2025-08-28,P030,4,45.57,182.28
SO00306,2025-04-03,P025,1,178.06,178.06
SO00307,2025-03-10,P018,7,106.05,742.35
SO00308,2025-04-09,P052,1,156.78,156.78
SO00309,2025-11-05,P007,5,40.01,200.05
SO00310,2025-01-18,P030,5,45.57,227.85
SO00311,2025-09-20,P025,9,178.06,1602.54
SO00312,2025-10-12,P047,13,97.95,1273.35
SO00313,2025-06-08,P032,4,174.64,698.56
SO00314,2025-12-30,P020,4,58.91,235.64
SO00315,2025-10-19,P055,13,10.09,131.17
SO00316,2025-07-22,P041,4,85.47,341.88
SO00317,2025-07-21,P045,4,19.68,78.72
SO00318,2025-10-21,P056,1,28.69,28.69
SO00319,2025-10-08,P030,13,45.57,592.41
SO00320,2025-04-27,P043,3,208.84,626.52
SO00321,2025-01-29,P037,5,160.55,802.75
SO00322,2025-01-13,P009,14,82.08,1149.12
SO00323,2025-01-06,P006,14,68.03,952.42
SO00324,2026-05-12,P012,1,305.41,305.41
SO00325,2025-03-09,P010,11,232.0,2552.0
SO00326,2025-10-17,P038,4,76.49,305.96
SO00327,2025-12-13,P006,4,68.03,272.12
SO00328,2026-02-22,P036,13,183.83,2389.79
SO00329,2025-01-03,P030,5,45.57,227.85
SO00330,2025-11-21,P052,10,156.78,1567.8
SO00331,2025-04-09,P028,14,217.94,3051.16
SO00332,2026-08-29,P047,13,97.95,1273.35
SO00333,2025-06-04,P018,4,106.05,424.2
SO00334,2025-12-05,P056,7,28.69,200.83
SO00335,2026-01-02,P059,14,43.83,613.62
SO00336,2025-02-18,P060,6,154.9,929.4
SO00337,2026-05-10,P045,3,19.68,59.04
SO00338,2025-11-30,P020,12,58.91,706.92
SO00339,2026-01-01,P007,5,40.01,200.05
SO00340,2025-11-10,P013,7,183.96,1287.72
SO00341,2025-07-13,P039,13,17.75,230.75
SO00342,2026-06-09,P005,1,116.3,116.3
SO00343,2025-07-30,P045,6,19.68,118.08
SO00344,2026-03-03,P002,3,350.61,1051.83
SO00345,2026-03-17,P040,13,119.11,1548.43
SO00346,2025-07-03,P043,12,208.84,2506.08
SO00347,2025-07-12,P050,2,214.91,429.82
SO00348,2025-03-31,P054,9,45.82,412.38
SO00349,2025-03-18,P015,12,259.07,3108.84
SO00350,2026-02-12,P009,11,82.08,902.88
SO00351,2025-04-16,P004,12,119.09,1429.08
SO00352,2025-03-15,P031,15,244.15,3662.25
SO00353,2025-01-03,P016,14,227.97,3191.58
SO00354,2025-12-03,P001,15,263.72,3955.8
SO00355,2025-12-22,P035,6,220.57,1323.42
SO00356,2025-12-15,P008,14,158.82,2223.48
SO00357,2026-06-20,P006,7,68.03,476.21
SO00358,2025-04-11,P033,10,174.99,1749.9
SO00359,2025-06-16,P011,11,108.59,1194.49
SO00360,2025-09-29,P004,9,119.09,1071.81
SO00361,2025-06-29,P008,6,158.82,952.92
SO00362,2026-08-17,P040,13,119.11,1548.43
SO00363,2025-01-12,P012,1,305.41,305.41
SO00364,2025-04-06,P036,4,183.83,735.32
SO00365,2026-06-16,P051,13,231.05,3003.65
SO00366,2026-01-12,P016,10,227.97,2279.7
SO00367,2025-12-03,P012,8,305.41,2443.28
SO00368,2026-04-03,P024,11,247.54,2722.94
SO00369,2026-03-18,P032,12,174.64,2095.68
SO00370,2025-06-12,P035,12,220.57,2646.84
SO00371,2026-08-21,P044,3,88.37,265.11
SO00372,2026-07-16,P026,8,182.16,1457.28
SO00373,2025-01-08,P057,1,178.62,178.62
SO00374,2025-08-06,P048,8,240.2,1921.6
SO00375,2025-09-06,P026,15,182.16,2732.4
SO00376,2026-04-15,P006,14,68.03,952.42
SO00377,2025-08-29,P040,3,119.11,357.33
SO00378,2025-10-13,P041,3,85.47,256.41
SO00379,2026-08-08,P022,4,8.95,35.8
SO00380,2026-02-19,P011,3,108.59,325.77
SO00381,2026-06-07,P056,15,28.69,430.35
SO00382,2025-05-29,P055,4,10.09,40.36
SO00383,2025-10-13,P021,14,58.66,821.24
SO00384,2026-01-27,P045,14,19.68,275.52
SO00385,2025-08-19,P039,7,17.75,124.25
SO00386,2025-02-23,P032,12,174.64,2095.68
SO00387,2026-03-21,P040,9,119.11,1071.99
SO00388,2026-08-01,P047,9,97.95,881.55
SO00389,2025-03-05,P027,12,137.31,1647.72
SO00390,2026-03-02,P055,13,10.09,131.17
SO00391,2026-05-01,P052,8,156.78,1254.24
SO00392,2025-01-02,P006,4,68.03,272.12
SO00393,2026-03-29,P026,7,182.16,1275.12
SO00394,2025-05-08,P002,15,350.61,5259.15
SO00395,2025-08-18,P060,13,154.9,2013.7
SO00396,2026-07-21,P044,14,88.37,1237.18
SO00397,2025-08-28,P038,10,76.49,764.9
SO00398,2025-07-31,P020,10,58.91,589.1
SO00399,2025-12-20,P035,6,220.57,1323.42
SO00400,2025-01-07,P025,10,178.06,1780.6
SO00401,2026-07-23,P035,8,220.57,1764.56
SO00402,2025-02-11,P029,3,57.43,172.29
SO00403,2025-08-18,P021,6,58.66,351.96
SO00404,2026-04-13,P024,2,247.54,495.08
SO00405,2025-04-10,P020,5,58.91,294.55
SO00406,2025-01-29,P042,6,110.42,662.52
SO00407,2026-08-04,P002,11,350.61,3856.71
SO00408,2025-05-01,P015,2,259.07,518.14
SO00409,2026-04-04,P029,9,57.43,516.87
SO00410,2025-07-29,P053,5,246.77,1233.85
SO00411,2025-05-03,P029,15,57.43,861.45
SO00412,2025-10-19,P012,8,305.41,2443.28
SO00413,2025-10-12,P004,7,119.09,833.63
SO00414,2025-03-19,P016,1,227.97,227.97
SO00415,2025-10-20,P001,2,263.72,527.44
SO00416,2025-05-29,P058,10,155.74,1557.4
SO00417,2025-10-29,P041,14,85.47,1196.58
SO00418,2025-05-23,P007,4,40.01,160.04
SO00419,2025-06-29,P009,5,82.08,410.4
SO00420,2025-07-03,P046,14,75.06,1050.84
SO00421,2026-07-03,P047,2,97.95,195.9
SO00422,2026-01-09,P060,15,154.9,2323.5
SO00423,2026-08-03,P022,9,8.95,80.55
SO00424,2025-09-07,P005,3,116.3,348.9
SO00425,2025-07-05,P057,4,178.62,714.48
SO00426,2025-09-16,P034,2,210.53,421.06
SO00427,2026-05-30,P049,12,144.59,1735.08
SO00428,2025-09-02,P038,9,76.49,688.41
SO00429,2025-04-11,P032,2,174.64,349.28
SO00430,2025-10-04,P016,3,227.97,683.91
SO00431,2026-06-02,P007,6,40.01,240.06
SO00432,2025-11-15,P036,12,183.83,2205.96
SO00433,2025-06-29,P045,13,19.68,255.84
SO00434,2026-05-23,P023,7,209.13,1463.91
SO00435,2026-04-08,P007,1,40.01,40.01
SO00436,2025-01-27,P047,4,97.95,391.8
SO00437,2026-07-27,P037,7,160.55,1123.85
SO00438,2025-05-22,P008,14,158.82,2223.48
SO00439,2025-03-03,P044,6,88.37,530.22
SO00440,2025-04-19,P016,13,227.97,2963.61
SO00441,2025-04-20,P038,10,76.49,764.9
SO00442,2025-02-07,P025,7,178.06,1246.42
SO00443,2025-05-30,P012,14,305.41,4275.74
SO00444,2025-03-23,P043,13,208.84,2714.92
SO00445,2026-06-16,P035,12,220.57,2646.84
SO00446,2025-11-22,P021,8,58.66,469.28
SO00447,2025-06-01,P044,5,88.37,441.85
SO00448,2025-06-30,P015,3,259.07,777.21
SO00449,2026-07-26,P003,2,84.0,168.0
SO00450,2025-01-02,P054,12,45.82,549.84
SO00451,2025-11-11,P020,5,58.91,294.55
SO00452,2025-10-02,P030,8,45.57,364.56
SO00453,2025-11-23,P024,13,247.54,3218.02
SO00454,2025-08-08,P027,2,137.31,274.62
SO00455,2025-03-18,P022,3,8.95,26.85
SO00456,2025-02-24,P058,8,155.74,1245.92
SO00457,2026-08-03,P051,3,231.05,693.15
SO00458,2025-08-15,P010,9,232.0,2088.0
SO00459,2025-05-07,P058,3,155.74,467.22
SO00460,2026-06-16,P016,1,227.97,227.97
SO00461,2025-03-14,P023,3,209.13,627.39
SO00462,2025-01-02,P056,5,28.69,143.45
SO00463,2026-01-05,P055,2,10.09,20.18
SO00464,2026-08-14,P028,7,217.94,1525.58
SO00465,2025-11-20,P032,10,174.64,1746.4
SO00466,2026-05-26,P012,15,305.41,4581.15
SO00467,2026-05-13,P009,13,82.08,1067.04
SO00468,2025-08-14,P045,8,19.68,157.44
SO00469,2025-04-03,P051,13,231.05,3003.65
SO00470,2026-02-19,P056,6,28.69,172.14
SO00471,2025-01-31,P034,14,210.53,2947.42
SO00472,2025-02-04,P021,12,58.66,703.92
SO00473,2026-01-14,P040,1,119.11,119.11
SO00474,2026-01-23,P046,12,75.06,900.72
SO00475,2025-05-09,P050,4,214.91,859.64
SO00476,2025-11-19,P056,7,28.69,200.83
SO00477,2026-01-24,P018,12,106.05,1272.6
SO00478,2025-12-03,P001,15,263.72,3955.8
SO00479,2025-06-20,P017,14,141.17,1976.38
SO00480,2025-08-30,P004,7,119.09,833.63
SO00481,2025-03-20,P048,7,240.2,1681.4
SO00482,2026-04-24,P010,10,232.0,2320.0
SO00483,2025-08-27,P030,3,45.57,136.71
SO00484,2026-01-29,P056,5,28.69,143.45
SO00485,2026-03-18,P025,11,178.06,1958.66
SO00486,2025-07-04,P028,10,217.94,2179.4
SO00487,2025-12-31,P040,2,119.11,238.22
SO00488,2026-01-09,P029,15,57.43,861.45
SO00489,2025-07-28,P032,9,174.64,1571.76
SO00490,2025-02-25,P011,11,108.59,1194.49
SO00491,2026-05-30,P060,9,154.9,1394.1
SO00492,2026-08-24,P003,7,84.0,588.0
SO00493,2026-06-27,P018,12,106.05,1272.6
SO00494,2025-06-18,P045,15,19.68,295.2
SO00495,2025-11-20,P028,12,217.94,2615.28
SO00496,2025-04-15,P040,5,119.11,595.55
SO00497,2026-07-31,P022,11,8.95,98.45
SO00498,2026-03-23,P022,12,8.95,107.4
SO00499,2025-09-03,P024,14,247.54,3465.56
SO00500,2025-04-01,P034,11,210.53,2315.83
SO00501,2025-11-06,P036,11,183.83,2022.13
SO00502,2025-07-20,P055,7,10.09,70.63
SO00503,2026-01-29,P012,7,305.41,2137.87
SO00504,2026-02-28,P021,7,58.66,410.62
SO00505,2025-09-25,P028,4,217.94,871.76
SO00506,2026-05-18,P008,2,158.82,317.64
SO00507,2026-02-10,P020,2,58.91,117.82
SO00508,2026-03-22,P040,10,119.11,1191.1
SO00509,2025-01-13,P019,14,188.61,2640.54
SO00510,2026-05-05,P020,3,58.91,176.73
SO00511,2026-04-19,P010,15,232.0,3480.0
SO00512,2026-04-02,P052,4,156.78,627.12
SO00513,2026-02-11,P055,3,10.09,30.27
SO00514,2026-06-14,P008,5,158.82,794.1
SO00515,2025-03-26,P046,5,75.06,375.3
SO00516,2025-06-20,P018,11,106.05,1166.55
SO00517,2026-07-08,P055,12,10.09,121.08
SO00518,2026-08-08,P013,9,183.96,1655.64
SO00519,2026-03-03,P033,12,174.99,2099.88
SO00520,2025-12-21,P058,10,155.74,1557.4
SO00521,2025-06-05,P045,5,19.68,98.4
SO00522,2025-02-08,P038,5,76.49,382.45
SO00523,2026-08-17,P044,8,88.37,706.96
SO00524,2025-09-25,P024,11,247.54,2722.94
SO00525,2025-01-15,P033,9,174.99,1574.91
SO00526,2026-03-03,P025,14,178.06,2492.84
SO00527,2026-01-07,P058,6,155.74,934.44
SO00528,2025-04-18,P027,15,137.31,2059.65
SO00529,2026-06-04,P051,5,231.05,1155.25
SO00530,2026-06-05,P020,9,58.91,530.19
SO00531,2025-10-25,P043,7,208.84,1461.88
SO00532,2026-05-10,P038,6,76.49,458.94
SO00533,2025-05-29,P049,7,144.59,1012.13
SO00534,2026-08-04,P055,14,10.09,141.26
SO00535,2026-05-28,P019,15,188.61,2829.15
SO00536,2025-01-13,P059,12,43.83,525.96
SO00537,2026-04-10,P060,4,154.9,619.6
SO00538,2025-03-05,P046,8,75.06,600.48
SO00539,2025-10-05,P038,11,76.49,841.39
SO00540,2026-01-04,P015,10,259.07,2590.7
SO00541,2025-06-25,P039,5,17.75,88.75
SO00542,2025-10-08,P016,9,227.97,2051.73
SO00543,2025-09-07,P022,5,8.95,44.75
SO00544,2026-02-04,P014,13,75.6,982.8
SO00545,2026-06-08,P018,9,106.05,954.45
SO00546,2025-08-11,P011,1,108.59,108.59
SO00547,2025-07-24,P003,7,84.0,588.0
SO00548,2025-03-23,P048,13,240.2,3122.6
SO00549,2025-03-26,P015,11,259.07,2849.77
SO00550,2026-01-03,P047,2,97.95,195.9
SO00551,2025-08-26,P007,7,40.01,280.07
SO00552,2025-06-24,P060,3,154.9,464.7
SO00553,2025-04-04,P057,1,178.62,178.62
SO00554,2025-09-01,P026,10,182.16,1821.6
SO00555,2026-07-22,P053,5,246.77,1233.85
SO00556,2026-01-20,P059,2,43.83,87.66
SO00557,2025-03-25,P057,9,178.62,1607.58
SO00558,2025-06-01,P048,5,240.2,1201.0
SO00559,2026-06-22,P029,4,57.43,229.72
SO00560,2025-10-03,P040,2,119.11,238.22
SO00561,2026-05-22,P043,9,208.84,1879.56
SO00562,2025-04-05,P011,7,108.59,760.13
SO00563,2025-12-02,P031,4,244.15,976.6
SO00564,2025-06-29,P031,11,244.15,2685.65
SO00565,2026-02-01,P048,1,240.2,240.2
SO00566,2025-01-15,P060,15,154.9,2323.5
SO00567,2025-11-11,P002,2,350.61,701.22
SO00568,2026-02-20,P006,11,68.03,748.33
SO00569,2026-08-17,P008,5,158.82,794.1
SO00570,2025-06-30,P020,7,58.91,412.37
SO00571,2025-09-16,P011,4,108.59,434.36
SO00572,2025-08-13,P004,11,119.09,1309.99
SO00573,2025-08-03,P046,5,75.06,375.3
SO00574,2026-02-19,P048,13,240.2,3122.6
SO00575,2026-05-15,P055,15,10.09,151.35
SO00576,2025-08-28,P025,5,178.06,890.3
SO00577,2026-04-01,P015,11,259.07,2849.77
SO00578,2025-04-12,P049,8,144.59,1156.72
SO00579,2026-06-27,P014,5,75.6,378.0
SO00580,2025-12-13,P009,14,82.08,1149.12
SO00581,2025-02-28,P055,5,10.09,50.45
SO00582,2025-07-07,P010,9,232.0,2088.0
SO00583,2025-02-11,P017,8,141.17,1129.36
SO00584,2025-05-18,P004,1,119.09,119.09
SO00585,2025-09-23,P006,13,68.03,884.39
SO00586,2025-03-02,P047,1,97.95,97.95
SO00587,2026-02-01,P021,12,58.66,703.92
SO00588,2025-07-28,P050,3,214.91,644.73
SO00589,2025-03-31,P002,1,350.61,350.61
SO00590,2025-06-13,P052,13,156.78,2038.14
SO00591,2025-11-24,P034,7,210.53,1473.71
SO00592,2025-01-27,P050,2,214.91,429.82
SO00593,2025-08-28,P026,9,182.16,1639.44
SO00594,2025-12-24,P045,4,19.68,78.72
SO00595,2026-04-03,P020,4,58.91,235.64
SO00596,2025-11-24,P031,12,244.15,2929.8
SO00597,2025-10-10,P043,5,208.84,1044.2
SO00598,2025-09-08,P023,4,209.13,836.52
SO00599,2025-05-07,P038,10,76.49,764.9
SO00600,2026-08-08,P046,2,75.06,150.12
SO00601,2025-02-22,P046,6,75.06,450.36
SO00602,2025-04-09,P011,3,108.59,325.77
SO00603,2026-05-16,P003,1,84.0,84.0
SO00604,2026-03-02,P024,15,247.54,3713.1
SO00605,2025-03-25,P052,15,156.78,2351.7
SO00606,2025-04-20,P040,7,119.11,833.77
SO00607,2025-08-27,P056,3,28.69,86.07
SO00608,2026-08-03,P053,15,246.77,3701.55
SO00609,2026-06-15,P058,7,155.74,1090.18
SO00610,2026-01-11,P012,4,305.41,1221.64
SO00611,2026-02-03,P029,15,57.43,861.45
SO00612,2025-06-03,P018,12,106.05,1272.6
SO00613,2025-12-11,P001,12,263.72,3164.64
SO00614,2025-08-22,P034,13,210.53,2736.89
SO00615,2026-03-09,P023,7,209.13,1463.91
SO00616,2025-11-19,P002,1,350.61,350.61
SO00617,2026-01-01,P056,6,28.69,172.14
SO00618,2026-01-12,P030,4,45.57,182.28
SO00619,2025-09-12,P018,4,106.05,424.2
SO00620,2025-03-05,P046,13,75.06,975.78
SO00621,2025-12-08,P021,3,58.66,175.98
SO00622,2026-04-04,P024,5,247.54,1237.7
SO00623,2025-11-14,P008,3,158.82,476.46
SO00624,2025-10-01,P019,9,188.61,1697.49
SO00625,2026-02-16,P039,13,17.75,230.75
SO00626,2025-08-09,P004,1,119.09,119.09
SO00627,2025-05-10,P001,9,263.72,2373.48
SO00628,2026-04-16,P054,10,45.82,458.2
SO00629,2025-04-15,P047,13,97.95,1273.35
SO00630,2025-02-27,P054,8,45.82,366.56
SO00631,2025-10-17,P050,13,214.91,2793.83
SO00632,2025-10-16,P057,1,178.62,178.62
SO00633,2025-05-11,P021,8,58.66,469.28
SO00634,2025-10-10,P036,3,183.83,551.49
SO00635,2026-02-18,P019,1,188.61,188.61
SO00636,2026-06-27,P013,2,183.96,367.92
SO00637,2025-05-06,P025,2,178.06,356.12
SO00638,2025-11-14,P026,3,182.16,546.48
SO00639,2025-03-23,P005,10,116.3,1163.0
SO00640,2025-04-20,P052,5,156.78,783.9
SO00641,2025-08-08,P021,4,58.66,234.64
SO00642,2025-11-16,P004,6,119.09,714.54
SO00643,2025-06-11,P021,14,58.66,821.24
SO00644,2025-09-12,P037,4,160.55,642.2
SO00645,2026-06-25,P049,1,144.59,144.59
SO00646,2026-03-02,P056,2,28.69,57.38
SO00647,2025-03-07,P046,1,75.06,75.06
SO00648,2025-10-07,P007,10,40.01,400.1
SO00649,2025-03-16,P025,3,178.06,534.18
SO00650,2026-08-09,P052,12,156.78,1881.36
SO00651,2026-05-14,P007,11,40.01,440.11
SO00652,2025-03-29,P032,15,174.64,2619.6
SO00653,2025-01-27,P027,4,137.31,549.24
SO00654,2025-02-07,P025,5,178.06,890.3
SO00655,2026-07-31,P029,2,57.43,114.86
SO00656,2026-07-11,P035,13,220.57,2867.41
SO00657,2025-04-14,P056,13,28.69,372.97
SO00658,2025-07-18,P059,8,43.83,350.64
SO00659,2025-10-28,P032,5,174.64,873.2
SO00660,2026-08-05,P059,6,43.83,262.98
SO00661,2025-08-30,P049,12,144.59,1735.08
SO00662,2025-10-13,P036,2,183.83,367.66
SO00663,2025-07-15,P040,4,119.11,476.44
SO00664,2026-08-20,P012,2,305.41,610.82
SO00665,2026-06-11,P048,1,240.2,240.2
SO00666,2025-12-18,P036,6,183.83,1102.98
SO00667,2025-09-06,P041,7,85.47,598.29
SO00668,2026-05-02,P026,10,182.16,1821.6
SO00669,2026-07-18,P023,13,209.13,2718.69
SO00670,2026-03-21,P056,6,28.69,172.14
SO00671,2025-07-20,P047,5,97.95,489.75
SO00672,2026-08-13,P028,9,217.94,1961.46
SO00673,2025-10-08,P024,5,247.54,1237.7
SO00674,2025-08-02,P040,9,119.11,1071.99
SO00675,2025-07-14,P023,15,209.13,3136.95
SO00676,2025-02-12,P021,6,58.66,351.96
SO00677,2025-02-27,P032,5,174.64,873.2
SO00678,2025-11-01,P010,11,232.0,2552.0
SO00679,2025-08-25,P059,13,43.83,569.79
SO00680,2026-04-20,P013,9,183.96,1655.64
SO00681,2026-04-05,P046,8,75.06,600.48
SO00682,2025-11-16,P016,13,227.97,2963.61
SO00683,2026-07-18,P059,3,43.83,131.49
SO00684,2025-03-05,P036,11,183.83,2022.13
SO00685,2025-02-01,P060,10,154.9,1549.0
SO00686,2026-05-31,P057,6,178.62,1071.72
SO00687,2026-07-16,P007,14,40.01,560.14
SO00688,2026-08-19,P035,1,220.57,220.57
SO00689,2025-01-24,P037,15,160.55,2408.25
SO00690,2026-07-10,P041,9,85.47,769.23
SO00691,2025-01-17,P005,6,116.3,697.8
SO00692,2025-04-02,P045,13,19.68,255.84
SO00693,2025-10-29,P015,4,259.07,1036.28
SO00694,2025-10-02,P028,1,217.94,217.94
SO00695,2026-04-24,P035,15,220.57,3308.55
SO00696,2026-06-20,P020,14,58.91,824.74
SO00697,2025-08-15,P060,13,154.9,2013.7
SO00698,2025-02-05,P034,5,210.53,1052.65
SO00699,2025-04-08,P041,7,85.47,598.29
SO00700,2025-04-02,P047,8,97.95,783.6
SO00701,2025-11-23,P013,4,183.96,735.84
SO00702,2025-02-16,P058,15,155.74,2336.1
SO00703,2026-06-05,P048,13,240.2,3122.6
SO00704,2026-07-21,P012,9,305.41,2748.69
SO00705,2026-06-18,P058,9,155.74,1401.66
SO00706,2025-03-13,P023,2,209.13,418.26
SO00707,2026-05-09,P024,8,247.54,1980.32
SO00708,2025-05-29,P029,9,57.43,516.87
SO00709,2026-08-21,P039,11,17.75,195.25
SO00710,2026-07-08,P037,7,160.55,1123.85
SO00711,2025-08-13,P057,2,178.62,357.24
SO00712,2025-03-20,P026,2,182.16,364.32
SO00713,2026-04-29,P053,4,246.77,987.08
SO00714,2025-02-11,P051,5,231.05,1155.25
SO00715,2025-07-04,P043,11,208.84,2297.24
SO00716,2025-02-10,P053,1,246.77,246.77
SO00717,2025-11-13,P057,8,178.62,1428.96
SO00718,2025-09-21,P028,11,217.94,2397.34
SO00719,2025-04-10,P035,10,220.57,2205.7
SO00720,2025-03-11,P041,6,85.47,512.82
SO00721,2026-01-12,P048,3,240.2,720.6
SO00722,2025-12-20,P003,7,84.0,588.0
SO00723,2025-11-14,P058,14,155.74,2180.36
SO00724,2025-09-29,P013,3,183.96,551.88
SO00725,2025-04-25,P035,8,220.57,1764.56
SO00726,2025-04-23,P021,2,58.66,117.32
SO00727,2026-07-30,P031,3,244.15,732.45
SO00728,2025-05-17,P025,13,178.06,2314.78
SO00729,2026-08-16,P025,4,178.06,712.24
SO00730,2025-12-21,P005,10,116.3,1163.0
SO00731,2026-06-14,P060,14,154.9,2168.6
SO00732,2025-08-07,P039,7,17.75,124.25
SO00733,2025-09-20,P009,6,82.08,492.48
SO00734,2025-05-05,P003,9,84.0,756.0
SO00735,2026-08-28,P023,8,209.13,1673.04
SO00736,2026-02-06,P058,1,155.74,155.74
SO00737,2026-03-06,P013,9,183.96,1655.64
SO00738,2025-11-14,P019,14,188.61,2640.54
SO00739,2025-01-28,P024,5,247.54,1237.7
SO00740,2026-04-09,P057,13,178.62,2322.06
SO00741,2025-03-13,P055,5,10.09,50.45
SO00742,2025-01-03,P004,13,119.09,1548.17
SO00743,2025-04-05,P057,11,178.62,1964.82
SO00744,2025-02-12,P033,14,174.99,2449.86
SO00745,2025-12-12,P053,11,246.77,2714.47
SO00746,2026-04-28,P024,7,247.54,1732.78
SO00747,2025-02-08,P060,3,154.9,464.7
SO00748,2025-06-25,P059,5,43.83,219.15
SO00749,2025-04-26,P048,8,240.2,1921.6
SO00750,2025-05-01,P018,15,106.05,1590.75
SO00751,2025-02-27,P012,11,305.41,3359.51
SO00752,2025-03-19,P053,11,246.77,2714.47
SO00753,2026-05-20,P033,2,174.99,349.98
SO00754,2026-01-12,P059,13,43.83,569.79
SO00755,2026-07-28,P022,10,8.95,89.5
SO00756,2026-07-16,P008,12,158.82,1905.84
SO00757,2025-11-28,P019,6,188.61,1131.66
SO00758,2026-08-10,P033,14,174.99,2449.86
SO00759,2026-08-14,P013,7,183.96,1287.72
SO00760,2026-04-10,P043,8,208.84,1670.72
SO00761,2025-10-05,P028,13,217.94,2833.22
SO00762,2025-06-20,P024,6,247.54,1485.24
SO00763,2025-08-27,P012,2,305.41,610.82
SO00764,2026-03-17,P006,2,68.03,136.06
SO00765,2026-04-20,P035,11,220.57,2426.27
SO00766,2025-04-28,P027,14,137.31,1922.34
SO00767,2026-01-08,P051,2,231.05,462.1
SO00768,2025-07-11,P003,3,84.0,252.0
SO00769,2025-05-06,P052,5,156.78,783.9
SO00770,2026-05-13,P059,4,43.83,175.32
SO00771,2025-11-10,P024,10,247.54,2475.4
SO00772,2026-06-14,P057,15,178.62,2679.3
SO00773,2025-05-24,P003,9,84.0,756.0
SO00774,2025-08-05,P003,3,84.0,252.0
SO00775,2025-02-08,P056,3,28.69,86.07
SO00776,2025-04-01,P012,9,305.41,2748.69
SO00777,2026-07-09,P022,4,8.95,35.8
SO00778,2026-02-06,P033,10,174.99,1749.9
SO00779,2025-05-03,P048,8,240.2,1921.6
SO00780,2026-06-09,P049,10,144.59,1445.9
SO00781,2026-06-10,P040,10,119.11,1191.1
SO00782,2025-03-19,P057,6,178.62,1071.72
SO00783,2025-02-25,P007,8,40.01,320.08
SO00784,2025-09-05,P014,7,75.6,529.2
SO00785,2026-07-29,P038,13,76.49,994.37
SO00786,2025-07-17,P023,12,209.13,2509.56
SO00787,2025-11-25,P008,7,158.82,1111.74
SO00788,2026-01-10,P011,5,108.59,542.95
SO00789,2026-02-02,P012,3,305.41,916.23
SO00790,2025-04-09,P041,7,85.47,598.29
SO00791,2025-05-20,P049,12,144.59,1735.08
SO00792,2026-07-03,P044,3,88.37,265.11
SO00793,2026-07-24,P043,12,208.84,2506.08
SO00794,2026-05-15,P012,2,305.41,610.82
SO00795,2025-10-30,P036,8,183.83,1470.64
SO00796,2025-01-20,P032,8,174.64,1397.12
SO00797,2025-09-23,P057,5,178.62,893.1
SO00798,2025-03-02,P060,8,154.9,1239.2
SO00799,2025-10-18,P031,14,244.15,3418.1
SO00800,2026-08-15,P026,2,182.16,364.32
SO00801,2025-12-27,P045,4,19.68,78.72
SO00802,2026-03-14,P014,10,75.6,756.0
SO00803,2025-01-31,P037,9,160.55,1444.95
SO00804,2025-01-11,P059,8,43.83,350.64
SO00805,2026-06-30,P030,5,45.57,227.85
SO00806,2026-03-13,P029,1,57.43,57.43
SO00807,2026-05-15,P049,11,144.59,1590.49
SO00808,2026-03-31,P039,12,17.75,213.0
SO00809,2025-09-18,P055,7,10.09,70.63
SO00810,2025-04-28,P039,13,17.75,230.75
SO00811,2026-01-19,P047,5,97.95,489.75
SO00812,2025-09-22,P021,10,58.66,586.6
SO00813,2026-02-13,P047,14,97.95,1371.3
SO00814,2026-03-05,P058,6,155.74,934.44
SO00815,2025-09-16,P036,10,183.83,1838.3
SO00816,2025-08-13,P049,8,144.59,1156.72
SO00817,2026-03-24,P003,8,84.0,672.0
SO00818,2025-11-20,P028,4,217.94,871.76
SO00819,2026-03-30,P036,6,183.83,1102.98
SO00820,2025-08-24,P008,3,158.82,476.46
SO00821,2026-01-17,P023,2,209.13,418.26
SO00822,2025-05-17,P045,14,19.68,275.52
SO00823,2025-06-15,P044,9,88.37,795.33
SO00824,2025-03-02,P007,15,40.01,600.15
SO00825,2025-04-04,P049,5,144.59,722.95
SO00826,2025-08-29,P012,5,305.41,1527.05
SO00827,2025-11-18,P020,3,58.91,176.73
SO00828,2026-03-19,P053,12,246.77,2961.24
SO00829,2026-03-07,P011,13,108.59,1411.67
SO00830,2026-04-02,P011,6,108.59,651.54
SO00831,2025-10-18,P048,13,240.2,3122.6
SO00832,2025-08-25,P009,5,82.08,410.4
SO00833,2025-07-07,P015,6,259.07,1554.42
SO00834,2026-03-06,P008,9,158.82,1429.38
SO00835,2026-03-05,P050,3,214.91,644.73
SO00836,2025-09-15,P005,8,116.3,930.4
SO00837,2026-04-21,P015,9,259.07,2331.63
SO00838,2025-03-08,P045,13,19.68,255.84
SO00839,2025-09-30,P013,7,183.96,1287.72
SO00840,2025-06-18,P050,4,214.91,859.64
SO00841,2025-08-08,P021,3,58.66,175.98
SO00842,2025-05-21,P011,8,108.59,868.72
SO00843,2025-08-27,P021,11,58.66,645.26
SO00844,2026-07-08,P015,12,259.07,3108.84
SO00845,2025-07-10,P011,3,108.59,325.77
SO00846,2025-08-11,P017,2,141.17,282.34
SO00847,2025-09-24,P001,11,263.72,2900.92
SO00848,2026-06-08,P019,6,188.61,1131.66
SO00849,2025-05-24,P055,9,10.09,90.81
SO00850,2025-02-05,P046,14,75.06,1050.84
SO00851,2025-10-30,P022,10,8.95,89.5
SO00852,2025-01-15,P039,14,17.75,248.5
SO00853,2026-08-31,P038,8,76.49,611.92
SO00854,2025-09-26,P037,14,160.55,2247.7
SO00855,2026-07-07,P050,8,214.91,1719.28
SO00856,2025-08-07,P048,7,240.2,1681.4
SO00857,2025-02-19,P046,11,75.06,825.66
SO00858,2025-12-20,P001,8,263.72,2109.76
SO00859,2025-10-28,P029,8,57.43,459.44
SO00860,2025-10-02,P025,9,178.06,1602.54
SO00861,2025-12-02,P046,10,75.06,750.6
SO00862,2026-08-25,P051,2,231.05,462.1
SO00863,2025-05-17,P043,3,208.84,626.52
SO00864,2025-02-11,P048,13,240.2,3122.6
SO00865,2026-08-28,P047,11,97.95,1077.45
SO00866,2025-03-14,P053,14,246.77,3454.78
SO00867,2025-07-11,P010,2,232.0,464.0
SO00868,2026-04-01,P025,5,178.06,890.3
SO00869,2026-01-04,P050,10,214.91,2149.1
SO00870,2025-09-20,P057,6,178.62,1071.72
SO00871,2025-12-05,P060,10,154.9,1549.0
SO00872,2025-05-11,P018,3,106.05,318.15
SO00873,2025-04-29,P014,12,75.6,907.2
SO00874,2026-01-18,P004,15,119.09,1786.35
SO00875,2025-09-02,P046,1,75.06,75.06
SO00876,2025-01-02,P051,11,231.05,2541.55
SO00877,2025-04-27,P041,12,85.47,1025.64
SO00878,2025-05-18,P011,13,108.59,1411.67
SO00879,2025-06-10,P059,14,43.83,613.62
SO00880,2026-04-13,P055,3,10.09,30.27
SO00881,2026-02-17,P018,15,106.05,1590.75
SO00882,2025-09-13,P049,4,144.59,578.36
SO00883,2025-06-17,P058,6,155.74,934.44
SO00884,2025-12-08,P058,4,155.74,622.96
SO00885,2025-09-19,P001,15,263.72,3955.8
SO00886,2026-03-02,P026,4,182.16,728.64
SO00887,2026-04-17,P047,10,97.95,979.5
SO00888,2025-12-18,P047,6,97.95,587.7
SO00889,2026-05-23,P045,13,19.68,255.84
SO00890,2026-02-16,P013,1,183.96,183.96
SO00891,2025-12-14,P035,6,220.57,1323.42
SO00892,2026-06-21,P060,1,154.9,154.9
SO00893,2025-05-07,P013,14,183.96,2575.44
SO00894,2026-03-20,P032,13,174.64,2270.32
SO00895,2025-02-24,P047,3,97.95,293.85
SO00896,2025-07-25,P024,12,247.54,2970.48
SO00897,2025-08-14,P010,4,232.0,928.0
SO00898,2025-04-16,P012,3,305.41,916.23
SO00899,2025-09-07,P034,7,210.53,1473.71
SO00900,2026-03-27,P029,13,57.43,746.59
SO00901,2026-01-26,P032,12,174.64,2095.68
SO00902,2025-03-23,P042,15,110.42,1656.3
SO00903,2025-09-08,P010,10,232.0,2320.0
SO00904,2025-05-28,P025,14,178.06,2492.84
SO00905,2025-05-30,P005,15,116.3,1744.5
SO00906,2025-02-22,P044,12,88.37,1060.44
SO00907,2025-03-01,P059,7,43.83,306.81
SO00908,2025-03-21,P029,4,57.43,229.72
SO00909,2025-04-23,P011,7,108.59,760.13
SO00910,2025-05-25,P028,5,217.94,1089.7
SO00911,2026-04-30,P012,4,305.41,1221.64
SO00912,2025-11-24,P055,13,10.09,131.17
SO00913,2025-06-11,P039,10,17.75,177.5
SO00914,2025-03-14,P017,4,141.17,564.68
SO00915,2025-03-24,P017,1,141.17,141.17
SO00916,2025-11-09,P057,7,178.62,1250.34
SO00917,2025-05-17,P056,7,28.69,200.83
SO00918,2026-01-20,P051,6,231.05,1386.3
SO00919,2025-01-22,P016,2,227.97,455.94
SO00920,2026-04-24,P010,10,232.0,2320.0
SO00921,2026-04-22,P027,3,137.31,411.93
SO00922,2025-08-27,P013,14,183.96,2575.44
SO00923,2026-06-02,P037,4,160.55,642.2
SO00924,2025-02-14,P051,4,231.05,924.2
SO00925,2025-01-31,P032,13,174.64,2270.32
SO00926,2025-11-26,P053,5,246.77,1233.85
SO00927,2026-01-12,P006,9,68.03,612.27
SO00928,2026-01-02,P046,2,75.06,150.12
SO00929,2026-04-20,P008,3,158.82,476.46
SO00930,2025-03-06,P057,11,178.62,1964.82
SO00931,2025-09-26,P059,1,43.83,43.83
SO00932,2025-04-24,P053,8,246.77,1974.16
SO00933,2026-03-29,P060,1,154.9,154.9
SO00934,2025-04-09,P050,12,214.91,2578.92
SO00935,2025-06-25,P038,7,76.49,535.43
SO00936,2026-08-23,P008,4,158.82,635.28
SO00937,2025-11-02,P019,11,188.61,2074.71
SO00938,2025-11-04,P031,9,244.15,2197.35
SO00939,2025-08-29,P052,13,156.78,2038.14
SO00940,2026-08-08,P048,14,240.2,3362.8
SO00941,2025-05-31,P048,12,240.2,2882.4
SO00942,2025-06-26,P045,11,19.68,216.48
SO00943,2025-11-15,P016,12,227.97,2735.64
SO00944,2025-07-24,P012,12,305.41,3664.92
SO00945,2026-08-08,P028,1,217.94,217.94
SO00946,2026-05-11,P044,14,88.37,1237.18
SO00947,2026-08-22,P010,6,232.0,1392.0
SO00948,2025-08-05,P022,10,8.95,89.5
SO00949,2025-10-16,P040,2,119.11,238.22
SO00950,2025-05-16,P060,2,154.9,309.8
SO00951,2025-09-08,P036,10,183.83,1838.3
SO00952,2025-03-01,P053,5,246.77,1233.85
SO00953,2026-04-24,P031,10,244.15,2441.5
SO00954,2026-01-06,P023,15,209.13,3136.95
SO00955,2026-06-22,P029,12,57.43,689.16
SO00956,2025-06-01,P019,12,188.61,2263.32
SO00957,2025-07-24,P013,4,183.96,735.84
SO00958,2025-06-28,P037,10,160.55,1605.5
SO00959,2026-05-20,P057,15,178.62,2679.3
SO00960,2025-10-04,P002,4,350.61,1402.44
SO00961,2026-03-09,P056,5,28.69,143.45
SO00962,2026-01-04,P034,8,210.53,1684.24
SO00963,2025-02-03,P029,7,57.43,402.01
SO00964,2026-05-13,P021,13,58.66,762.58
SO00965,2025-01-19,P046,13,75.06,975.78
SO00966,2025-09-11,P024,15,247.54,3713.1
SO00967,2025-01-31,P053,6,246.77,1480.62
SO00968,2025-11-24,P045,4,19.68,78.72
SO00969,2026-06-11,P032,4,174.64,698.56
SO00970,2026-03-23,P045,14,19.68,275.52
SO00971,2025-05-12,P018,9,106.05,954.45
SO00972,2025-09-06,P032,12,174.64,2095.68
SO00973,2025-05-30,P048,12,240.2,2882.4
SO00974,2025-09-05,P014,1,75.6,75.6
SO00975,2026-08-06,P021,7,58.66,410.62
SO00976,2025-03-07,P043,10,208.84,2088.4
SO00977,2026-03-29,P023,14,209.13,2927.82
SO00978,2025-03-04,P032,8,174.64,1397.12
SO00979,2025-10-01,P008,1,158.82,158.82
SO00980,2025-07-08,P039,4,17.75,71.0
SO00981,2026-06-24,P002,13,350.61,4557.93
SO00982,2025-02-05,P049,6,144.59,867.54
SO00983,2025-12-18,P059,2,43.83,87.66
SO00984,2025-06-09,P009,15,82.08,1231.2
SO00985,2026-07-03,P011,11,108.59,1194.49
SO00986,2026-05-18,P056,5,28.69,143.45
SO00987,2025-04-13,P050,5,214.91,1074.55
SO00988,2025-03-22,P013,2,183.96,367.92
SO00989,2025-03-15,P012,6,305.41,1832.46
SO00990,2025-02-07,P005,15,116.3,1744.5
SO00991,2025-02-15,P006,1,68.03,68.03
SO00992,2025-11-17,P008,13,158.82,2064.66
SO00993,2025-12-19,P045,2,19.68,39.36
SO00994,2025-01-23,P047,10,97.95,979.5
SO00995,2026-06-21,P025,5,178.06,890.3
SO00996,2025-09-25,P039,8,17.75,142.0
SO00997,2026-03-10,P057,7,178.62,1250.34
SO00998,2026-03-05,P027,6,137.31,823.86
SO00999,2025-10-12,P011,2,108.59,217.18
SO01000,2025-09-13,P011,12,108.59,1303.08
SO01001,2025-06-08,P047,7,97.95,685.65
SO01002,2026-04-05,P010,4,232.0,928.0
SO01003,2026-05-27,P048,11,240.2,2642.2
SO01004,2026-08-03,P020,11,58.91,648.01
SO01005,2026-06-05,P039,14,17.75,248.5
SO01006,2026-06-20,P005,12,116.3,1395.6
SO01007,2025-07-07,P013,12,183.96,2207.52
SO01008,2025-10-03,P013,11,183.96,2023.56
SO01009,2026-07-08,P040,2,119.11,238.22
SO01010,2026-08-22,P018,9,106.05,954.45
SO01011,2025-06-26,P015,6,259.07,1554.42
SO01012,2025-06-23,P034,10,210.53,2105.3
SO01013,2026-01-07,P027,3,137.31,411.93
SO01014,2026-07-17,P038,3,76.49,229.47
SO01015,2026-02-26,P020,10,58.91,589.1
SO01016,2025-12-07,P041,11,85.47,940.17
SO01017,2025-02-15,P037,12,160.55,1926.6
SO01018,2025-02-01,P027,7,137.31,961.17
SO01019,2025-02-22,P027,15,137.31,2059.65
SO01020,2025-07-21,P014,7,75.6,529.2
SO01021,2026-03-28,P050,12,214.91,2578.92
SO01022,2026-05-30,P015,13,259.07,3367.91
SO01023,2025-11-28,P028,1,217.94,217.94
SO01024,2026-08-08,P046,8,75.06,600.48
SO01025,2025-10-31,P033,2,174.99,349.98
SO01026,2026-03-15,P038,14,76.49,1070.86
SO01027,2025-10-27,P056,15,28.69,430.35
SO01028,2026-01-26,P032,10,174.64,1746.4
SO01029,2026-03-25,P060,2,154.9,309.8
SO01030,2025-09-07,P005,8,116.3,930.4
SO01031,2025-10-20,P041,8,85.47,683.76
SO01032,2025-07-23,P056,8,28.69,229.52
SO01033,2025-10-12,P034,15,210.53,3157.95
SO01034,2025-11-08,P058,7,155.74,1090.18
SO01035,2025-04-20,P036,7,183.83,1286.81
SO01036,2025-03-29,P014,2,75.6,151.2
SO01037,2025-01-01,P036,10,183.83,1838.3
SO01038,2025-08-11,P026,12,182.16,2185.92
SO01039,2026-03-22,P033,11,174.99,1924.89
SO01040,2025-05-12,P002,9,350.61,3155.49
SO01041,2025-04-04,P059,2,43.83,87.66
SO01042,2026-08-11,P057,3,178.62,535.86
SO01043,2026-01-16,P025,3,178.06,534.18
SO01044,2025-08-29,P020,10,58.91,589.1
SO01045,2025-09-08,P019,5,188.61,943.05
SO01046,2025-04-04,P046,4,75.06,300.24
SO01047,2026-07-05,P015,15,259.07,3886.05
SO01048,2025-04-06,P031,12,244.15,2929.8
SO01049,2026-06-01,P030,6,45.57,273.42
SO01050,2026-05-06,P060,4,154.9,619.6
SO01051,2025-06-24,P044,6,88.37,530.22
SO01052,2026-02-19,P016,4,227.97,911.88
SO01053,2025-12-21,P039,12,17.75,213.0
SO01054,2025-01-06,P060,15,154.9,2323.5
SO01055,2025-11-17,P007,6,40.01,240.06
SO01056,2026-03-15,P039,13,17.75,230.75
SO01057,2026-07-22,P025,5,178.06,890.3
SO01058,2025-08-19,P013,8,183.96,1471.68
SO01059,2026-05-22,P041,4,85.47,341.88
SO01060,2026-07-25,P019,7,188.61,1320.27
SO01061,2026-08-23,P015,7,259.07,1813.49
SO01062,2026-07-13,P060,14,154.9,2168.6
SO01063,2026-05-01,P035,15,220.57,3308.55
SO01064,2025-01-23,P017,5,141.17,705.85
SO01065,2025-11-29,P039,2,17.75,35.5
SO01066,2025-04-17,P034,8,210.53,1684.24
SO01067,2026-01-23,P035,7,220.57,1543.99
SO01068,2026-02-17,P025,12,178.06,2136.72
SO01069,2025-07-22,P049,7,144.59,1012.13
SO01070,2025-11-17,P020,2,58.91,117.82
SO01071,2025-04-25,P026,8,182.16,1457.28
SO01072,2026-08-23,P052,7,156.78,1097.46
SO01073,2025-05-19,P004,2,119.09,238.18
SO01074,2026-08-22,P046,9,75.06,675.54
SO01075,2025-01-13,P011,15,108.59,1628.85
SO01076,2025-03-10,P019,3,188.61,565.83
SO01077,2026-02-03,P016,14,227.97,3191.58
SO01078,2026-02-22,P017,1,141.17,141.17
SO01079,2025-02-03,P001,14,263.72,3692.08
SO01080,2026-05-05,P035,1,220.57,220.57
SO01081,2026-06-01,P002,2,350.61,701.22
SO01082,2025-11-12,P010,10,232.0,2320.0
SO01083,2025-09-28,P014,11,75.6,831.6
SO01084,2025-08-21,P027,2,137.31,274.62
SO01085,2026-05-04,P028,10,217.94,2179.4
SO01086,2025-03-18,P054,1,45.82,45.82
SO01087,2025-04-19,P033,9,174.99,1574.91
SO01088,2025-07-24,P055,9,10.09,90.81
SO01089,2025-04-02,P041,14,85.47,1196.58
SO01090,2026-05-07,P013,10,183.96,1839.6
SO01091,2026-03-17,P009,3,82.08,246.24
SO01092,2026-08-07,P036,15,183.83,2757.45
SO01093,2025-10-28,P053,9,246.77,2220.93
SO01094,2026-07-14,P019,8,188.61,1508.88
SO01095,2025-08-07,P047,12,97.95,1175.4
SO01096,2026-03-23,P014,1,75.6,75.6
SO01097,2025-08-03,P007,8,40.01,320.08
SO01098,2025-08-07,P043,1,208.84,208.84
SO01099,2025-09-25,P020,9,58.91,530.19
SO01100,2025-05-31,P039,10,17.75,177.5
SO01101,2026-04-18,P038,8,76.49,611.92
SO01102,2025-05-15,P049,11,144.59,1590.49
SO01103,2025-03-04,P003,13,84.0,1092.0
SO01104,2026-01-13,P029,10,57.43,574.3
SO01105,2025-05-30,P042,3,110.42,331.26
SO01106,2026-06-10,P003,4,84.0,336.0
SO01107,2025-10-04,P035,3,220.57,661.71
SO01108,2025-02-20,P025,3,178.06,534.18
SO01109,2026-05-17,P009,9,82.08,738.72
SO01110,2025-09-23,P056,4,28.69,114.76
SO01111,2026-07-20,P037,8,160.55,1284.4
SO01112,2025-07-04,P002,14,350.61,4908.54
SO01113,2026-08-02,P032,8,174.64,1397.12
SO01114,2026-06-15,P001,12,263.72,3164.64
SO01115,2026-08-13,P043,3,208.84,626.52
SO01116,2025-05-22,P055,15,10.09,151.35
SO01117,2025-12-01,P012,12,305.41,3664.92
SO01118,2025-02-10,P005,13,116.3,1511.9
SO01119,2026-01-09,P004,15,119.09,1786.35
SO01120,2025-10-20,P037,7,160.55,1123.85
SO01121,2025-12-14,P039,8,17.75,142.0
SO01122,2026-02-07,P010,12,232.0,2784.0
SO01123,2025-02-15,P043,11,208.84,2297.24
SO01124,2025-04-22,P044,13,88.37,1148.81
SO01125,2025-10-15,P032,11,174.64,1921.04
SO01126,2025-11-28,P031,5,244.15,1220.75
SO01127,2026-08-13,P056,2,28.69,57.38
SO01128,2025-01-15,P044,6,88.37,530.22
SO01129,2025-04-17,P059,6,43.83,262.98
SO01130,2026-03-19,P014,7,75.6,529.2
SO01131,2026-07-28,P036,8,183.83,1470.64
SO01132,2025-03-01,P045,4,19.68,78.72
SO01133,2026-06-07,P057,10,178.62,1786.2
SO01134,2025-05-02,P023,13,209.13,2718.69
SO01135,2025-05-27,P048,9,240.2,2161.8
SO01136,2025-10-18,P038,14,76.49,1070.86
SO01137,2025-06-06,P008,2,158.82,317.64
SO01138,2026-01-27,P042,15,110.42,1656.3
SO01139,2025-04-02,P033,7,174.99,1224.93
SO01140,2026-02-12,P006,11,68.03,748.33
SO01141,2025-07-26,P052,5,156.78,783.9
SO01142,2025-09-10,P005,8,116.3,930.4
SO01143,2026-04-04,P046,3,75.06,225.18
SO01144,2025-11-07,P018,6,106.05,636.3
SO01145,2026-05-30,P002,11,350.61,3856.71
SO01146,2025-07-13,P032,13,174.64,2270.32
SO01147,2025-09-29,P003,13,84.0,1092.0
SO01148,2025-06-02,P058,10,155.74,1557.4
SO01149,2025-03-12,P012,6,305.41,1832.46
SO01150,2026-02-24,P054,8,45.82,366.56
SO01151,2025-03-28,P017,5,141.17,705.85
SO01152,2025-04-24,P010,11,232.0,2552.0
SO01153,2025-01-29,P008,9,158.82,1429.38
SO01154,2025-10-04,P018,3,106.05,318.15
SO01155,2025-09-26,P013,11,183.96,2023.56
SO01156,2025-11-26,P025,8,178.06,1424.48
SO01157,2025-06-20,P017,7,141.17,988.19
SO01158,2026-02-21,P002,10,350.61,3506.1
SO01159,2025-08-16,P019,5,188.61,943.05
SO01160,2026-04-07,P040,2,119.11,238.22
SO01161,2025-01-09,P025,7,178.06,1246.42
SO01162,2025-07-24,P015,7,259.07,1813.49
SO01163,2025-08-28,P020,12,58.91,706.92
SO01164,2025-01-04,P049,6,144.59,867.54
SO01165,2025-11-19,P051,4,231.05,924.2
SO01166,2025-03-30,P036,1,183.83,183.83
SO01167,2025-11-10,P038,12,76.49,917.88
SO01168,2026-06-04,P021,7,58.66,410.62
SO01169,2025-03-02,P045,2,19.68,39.36
SO01170,2026-05-23,P047,15,97.95,1469.25
SO01171,2025-01-14,P020,15,58.91,883.65
SO01172,2025-05-31,P037,12,160.55,1926.6
SO01173,2025-06-23,P055,12,10.09,121.08
SO01174,2025-11-02,P048,10,240.2,2402.0
SO01175,2026-07-19,P017,15,141.17,2117.55
SO01176,2026-03-25,P059,1,43.83,43.83
SO01177,2025-09-28,P022,15,8.95,134.25
SO01178,2025-11-22,P033,3,174.99,524.97
SO01179,2025-07-24,P048,2,240.2,480.4
SO01180,2025-04-26,P060,1,154.9,154.9
SO01181,2025-10-03,P005,2,116.3,232.6
SO01182,2025-11-08,P051,5,231.05,1155.25
SO01183,2025-10-19,P001,3,263.72,791.16
SO01184,2025-06-26,P059,8,43.83,350.64
SO01185,2025-03-21,P002,4,350.61,1402.44
SO01186,2026-03-18,P004,15,119.09,1786.35
SO01187,2025-06-11,P060,12,154.9,1858.8
SO01188,2025-01-28,P031,2,244.15,488.3
SO01189,2025-09-15,P033,1,174.99,174.99
SO01190,2026-03-21,P056,8,28.69,229.52
SO01191,2026-08-14,P060,15,154.9,2323.5
SO01192,2026-06-20,P016,8,227.97,1823.76
SO01193,2026-06-07,P044,3,88.37,265.11
SO01194,2025-03-20,P027,5,137.31,686.55
SO01195,2026-06-05,P025,13,178.06,2314.78
SO01196,2025-07-20,P024,8,247.54,1980.32
SO01197,2026-08-17,P055,4,10.09,40.36
SO01198,2026-03-06,P012,5,305.41,1527.05
SO01199,2025-01-19,P012,7,305.41,2137.87
SO01200,2025-12-09,P024,4,247.54,990.16
SO01201,2026-02-18,P043,7,208.84,1461.88
SO01202,2025-11-05,P011,11,108.59,1194.49
SO01203,2025-06-10,P023,8,209.13,1673.04
SO01204,2025-09-01,P022,6,8.95,53.7
SO01205,2026-03-12,P019,7,188.61,1320.27
SO01206,2026-02-02,P028,6,217.94,1307.64
SO01207,2026-06-03,P007,1,40.01,40.01
SO01208,2025-06-11,P035,4,220.57,882.28
SO01209,2026-07-02,P003,7,84.0,588.0
SO01210,2026-03-27,P021,1,58.66,58.66
SO01211,2025-10-28,P034,9,210.53,1894.77
SO01212,2026-08-03,P008,4,158.82,635.28
SO01213,2026-03-31,P041,6,85.47,512.82
SO01214,2025-06-30,P008,13,158.82,2064.66
SO01215,2026-07-24,P055,4,10.09,40.36
SO01216,2025-04-02,P037,11,160.55,1766.05
SO01217,2026-03-10,P025,11,178.06,1958.66
SO01218,2025-10-25,P060,6,154.9,929.4
SO01219,2025-04-10,P032,2,174.64,349.28
SO01220,2026-05-17,P032,8,174.64,1397.12
SO01221,2025-04-19,P047,7,97.95,685.65
SO01222,2025-07-31,P037,1,160.55,160.55
SO01223,2026-07-19,P005,10,116.3,1163.0
SO01224,2025-06-07,P016,1,227.97,227.97
SO01225,2025-03-07,P057,12,178.62,2143.44
SO01226,2025-07-24,P015,5,259.07,1295.35
SO01227,2025-01-20,P050,6,214.91,1289.46
SO01228,2025-06-15,P017,3,141.17,423.51
SO01229,2025-08-19,P055,7,10.09,70.63
SO01230,2026-08-19,P024,6,247.54,1485.24
SO01231,2025-07-19,P021,5,58.66,293.3
SO01232,2026-01-03,P006,1,68.03,68.03
SO01233,2025-05-03,P014,5,75.6,378.0
SO01234,2025-12-31,P046,15,75.06,1125.9
SO01235,2026-07-19,P022,1,8.95,8.95
SO01236,2026-05-01,P031,8,244.15,1953.2
SO01237,2025-07-11,P056,1,28.69,28.69
SO01238,2025-02-11,P047,12,97.95,1175.4
SO01239,2026-05-29,P045,8,19.68,157.44
SO01240,2025-04-14,P054,7,45.82,320.74
SO01241,2026-04-12,P008,11,158.82,1747.02
SO01242,2026-04-10,P049,5,144.59,722.95
SO01243,2026-07-19,P005,8,116.3,930.4
SO01244,2026-07-18,P006,15,68.03,1020.45
SO01245,2026-04-14,P027,1,137.31,137.31
SO01246,2025-06-18,P006,10,68.03,680.3
SO01247,2025-01-21,P009,11,82.08,902.88
SO01248,2026-03-26,P047,12,97.95,1175.4
SO01249,2026-01-02,P049,8,144.59,1156.72
SO01250,2025-07-31,P052,2,156.78,313.56
SO01251,2025-06-17,P046,15,75.06,1125.9
SO01252,2026-06-02,P025,1,178.06,178.06
SO01253,2025-09-30,P040,7,119.11,833.77
SO01254,2026-08-14,P016,6,227.97,1367.82
SO01255,2025-09-16,P052,1,156.78,156.78
SO01256,2025-04-23,P053,5,246.77,1233.85
SO01257,2026-06-28,P052,14,156.78,2194.92
SO01258,2026-04-06,P026,5,182.16,910.8
SO01259,2025-11-02,P045,1,19.68,19.68
SO01260,2025-10-12,P026,4,182.16,728.64
SO01261,2025-11-02,P023,1,209.13,209.13
SO01262,2026-04-12,P010,6,232.0,1392.0
SO01263,2025-12-11,P037,9,160.55,1444.95
SO01264,2025-10-21,P025,13,178.06,2314.78
SO01265,2025-06-06,P058,11,155.74,1713.14
SO01266,2025-01-05,P059,12,43.83,525.96
SO01267,2026-08-12,P030,9,45.57,410.13
SO01268,2025-04-11,P051,3,231.05,693.15
SO01269,2025-11-17,P056,9,28.69,258.21
SO01270,2025-05-18,P011,13,108.59,1411.67
SO01271,2025-12-22,P019,5,188.61,943.05
SO01272,2025-04-11,P016,14,227.97,3191.58
SO01273,2025-03-12,P057,6,178.62,1071.72
SO01274,2025-08-22,P034,11,210.53,2315.83
SO01275,2025-02-05,P016,6,227.97,1367.82
SO01276,2025-04-20,P036,13,183.83,2389.79
SO01277,2025-02-11,P001,8,263.72,2109.76
SO01278,2025-06-29,P031,4,244.15,976.6
SO01279,2026-02-08,P005,6,116.3,697.8
SO01280,2025-09-01,P008,15,158.82,2382.3
SO01281,2026-06-28,P016,4,227.97,911.88
SO01282,2025-06-08,P012,5,305.41,1527.05
SO01283,2025-12-24,P008,6,158.82,952.92
SO01284,2025-10-26,P044,7,88.37,618.59
SO01285,2025-04-06,P029,11,57.43,631.73
SO01286,2026-03-15,P007,15,40.01,600.15
SO01287,2025-10-04,P046,5,75.06,375.3
SO01288,2025-06-06,P053,8,246.77,1974.16
SO01289,2026-07-15,P047,14,97.95,1371.3
SO01290,2026-07-01,P006,2,68.03,136.06
SO01291,2026-07-20,P036,10,183.83,1838.3
SO01292,2025-07-29,P057,5,178.62,893.1
SO01293,2025-08-04,P020,11,58.91,648.01
SO01294,2026-03-25,P028,7,217.94,1525.58
SO01295,2025-04-26,P019,9,188.61,1697.49
SO01296,2026-06-07,P054,4,45.82,183.28
SO01297,2026-03-05,P029,10,57.43,574.3
SO01298,2025-12-26,P005,1,116.3,116.3
SO01299,2026-02-02,P007,2,40.01,80.02
SO01300,2025-12-24,P021,10,58.66,586.6
SO01301,2025-02-27,P027,12,137.31,1647.72
SO01302,2026-06-25,P057,12,178.62,2143.44
SO01303,2026-06-17,P025,8,178.06,1424.48
SO01304,2026-06-02,P009,5,82.08,410.4
SO01305,2025-08-12,P057,14,178.62,2500.68
SO01306,2025-10-12,P033,5,174.99,874.95
SO01307,2025-02-06,P051,8,231.05,1848.4
SO01308,2025-11-27,P023,4,209.13,836.52
SO01309,2025-08-23,P040,3,119.11,357.33
SO01310,2026-02-28,P012,4,305.41,1221.64
SO01311,2026-01-17,P019,5,188.61,943.05
SO01312,2025-05-29,P024,6,247.54,1485.24
SO01313,2025-11-21,P042,15,110.42,1656.3
SO01314,2025-01-11,P047,6,97.95,587.7
SO01315,2025-12-24,P018,4,106.05,424.2
SO01316,2025-07-02,P058,8,155.74,1245.92
SO01317,2026-07-08,P008,14,158.82,2223.48
SO01318,2025-08-02,P048,1,240.2,240.2
SO01319,2025-09-18,P043,15,208.84,3132.6
SO01320,2025-11-24,P042,15,110.42,1656.3
SO01321,2025-10-06,P049,1,144.59,144.59
SO01322,2025-09-27,P006,9,68.03,612.27
SO01323,2025-03-18,P002,11,350.61,3856.71
SO01324,2025-01-19,P046,8,75.06,600.48
SO01325,2026-03-16,P005,13,116.3,1511.9
SO01326,2025-12-30,P053,10,246.77,2467.7
SO01327,2026-01-08,P056,7,28.69,200.83
SO01328,2025-12-26,P046,13,75.06,975.78
SO01329,2026-06-13,P032,1,174.64,174.64
SO01330,2025-03-02,P003,9,84.0,756.0
SO01331,2025-05-12,P043,3,208.84,626.52
SO01332,2026-04-02,P052,10,156.78,1567.8
SO01333,2025-09-13,P030,1,45.57,45.57
SO01334,2026-06-30,P012,6,305.41,1832.46
SO01335,2026-03-04,P043,5,208.84,1044.2
SO01336,2026-02-25,P013,2,183.96,367.92
SO01337,2026-06-24,P030,11,45.57,501.27
SO01338,2025-02-20,P046,3,75.06,225.18
SO01339,2025-06-27,P017,3,141.17,423.51
SO01340,2025-04-11,P059,11,43.83,482.13
SO01341,2026-01-07,P036,4,183.83,735.32
SO01342,2026-01-04,P019,5,188.61,943.05
SO01343,2025-01-25,P042,2,110.42,220.84
SO01344,2026-01-10,P044,1,88.37,88.37
SO01345,2025-01-03,P054,15,45.82,687.3
SO01346,2026-08-24,P044,15,88.37,1325.55
SO01347,2026-04-05,P019,4,188.61,754.44
SO01348,2025-05-26,P029,8,57.43,459.44
SO01349,2025-09-23,P053,2,246.77,493.54
SO01350,2026-04-24,P020,8,58.91,471.28
SO01351,2025-09-20,P034,5,210.53,1052.65
SO01352,2026-01-20,P036,14,183.83,2573.62
SO01353,2026-08-28,P038,13,76.49,994.37
SO01354,2025-08-27,P005,6,116.3,697.8
SO01355,2025-04-20,P001,12,263.72,3164.64
SO01356,2025-03-31,P022,5,8.95,44.75
SO01357,2025-04-17,P017,2,141.17,282.34
SO01358,2026-05-17,P046,8,75.06,600.48
SO01359,2026-07-13,P037,13,160.55,2087.15
SO01360,2026-08-03,P002,2,350.61,701.22
SO01361,2025-09-03,P002,12,350.61,4207.32
SO01362,2025-06-28,P005,4,116.3,465.2
SO01363,2026-08-23,P024,5,247.54,1237.7
SO01364,2025-03-16,P013,3,183.96,551.88
SO01365,2025-12-15,P008,7,158.82,1111.74
SO01366,2026-05-21,P030,9,45.57,410.13
SO01367,2025-08-18,P010,5,232.0,1160.0
SO01368,2025-07-06,P050,3,214.91,644.73
SO01369,2025-09-18,P045,2,19.68,39.36
SO01370,2025-05-08,P042,14,110.42,1545.88
SO01371,2025-08-13,P050,9,214.91,1934.19
SO01372,2026-02-02,P035,2,220.57,441.14
SO01373,2025-04-14,P020,11,58.91,648.01
SO01374,2025-11-11,P005,11,116.3,1279.3
SO01375,2025-06-25,P057,1,178.62,178.62
SO01376,2025-01-01,P044,1,88.37,88.37
SO01377,2026-06-09,P060,11,154.9,1703.9
SO01378,2025-02-15,P051,2,231.05,462.1
SO01379,2025-01-15,P019,14,188.61,2640.54
SO01380,2025-11-27,P004,13,119.09,1548.17
SO01381,2025-05-23,P045,8,19.68,157.44
SO01382,2026-04-12,P033,7,174.99,1224.93
SO01383,2026-04-29,P018,14,106.05,1484.7
SO01384,2025-01-18,P030,8,45.57,364.56
SO01385,2026-08-25,P054,7,45.82,320.74
SO01386,2025-12-14,P010,13,232.0,3016.0
SO01387,2025-02-01,P057,5,178.62,893.1
SO01388,2025-03-01,P029,14,57.43,804.02
SO01389,2026-02-09,P007,14,40.01,560.14
SO01390,2026-04-10,P042,4,110.42,441.68
SO01391,2025-09-12,P050,1,214.91,214.91
SO01392,2025-08-01,P022,8,8.95,71.6
SO01393,2025-10-09,P016,7,227.97,1595.79
SO01394,2026-02-28,P020,5,58.91,294.55
SO01395,2025-06-02,P046,13,75.06,975.78
SO01396,2025-01-25,P022,3,8.95,26.85
SO01397,2026-06-15,P049,4,144.59,578.36
SO01398,2025-12-16,P037,3,160.55,481.65
SO01399,2026-02-26,P028,15,217.94,3269.1
SO01400,2025-03-01,P051,4,231.05,924.2
SO01401,2025-04-02,P027,9,137.31,1235.79
SO01402,2025-03-11,P001,1,263.72,263.72
SO01403,2026-04-09,P018,3,106.05,318.15
SO01404,2025-06-13,P060,1,154.9,154.9
SO01405,2026-03-31,P021,2,58.66,117.32
SO01406,2026-06-01,P005,9,116.3,1046.7
SO01407,2026-04-05,P021,13,58.66,762.58
SO01408,2025-12-08,P022,1,8.95,8.95
SO01409,2025-12-28,P019,3,188.61,565.83
SO01410,2026-08-14,P060,4,154.9,619.6
SO01411,2025-04-26,P024,8,247.54,1980.32
SO01412,2025-08-26,P008,9,158.82,1429.38
SO01413,2025-12-29,P037,4,160.55,642.2
SO01414,2026-02-25,P048,12,240.2,2882.4
SO01415,2026-06-27,P029,6,57.43,344.58
SO01416,2025-05-04,P049,4,144.59,578.36
SO01417,2025-12-04,P032,12,174.64,2095.68
SO01418,2026-06-15,P018,5,106.05,530.25
SO01419,2026-07-21,P033,9,174.99,1574.91
SO01420,2026-07-07,P041,15,85.47,1282.05
SO01421,2025-09-11,P030,3,45.57,136.71
SO01422,2026-07-13,P033,8,174.99,1399.92
SO01423,2025-03-07,P021,6,58.66,351.96
SO01424,2026-08-17,P015,8,259.07,2072.56
SO01425,2025-02-10,P009,13,82.08,1067.04
SO01426,2026-04-09,P056,2,28.69,57.38
SO01427,2025-05-01,P006,12,68.03,816.36
SO01428,2026-05-25,P046,2,75.06,150.12
SO01429,2026-07-02,P010,14,232.0,3248.0
SO01430,2025-03-06,P044,2,88.37,176.74
SO01431,2026-02-25,P004,13,119.09,1548.17
SO01432,2025-06-09,P038,12,76.49,917.88
SO01433,2026-05-19,P004,14,119.09,1667.26
SO01434,2026-06-19,P044,9,88.37,795.33
SO01435,2025-07-16,P029,14,57.43,804.02
SO01436,2025-04-26,P042,15,110.42,1656.3
SO01437,2025-12-24,P004,3,119.09,357.27
SO01438,2025-09-08,P040,7,119.11,833.77
SO01439,2026-04-05,P041,6,85.47,512.82
SO01440,2025-10-31,P060,3,154.9,464.7
SO01441,2025-05-04,P001,11,263.72,2900.92
SO01442,2025-07-25,P033,8,174.99,1399.92
SO01443,2025-12-14,P051,1,231.05,231.05
SO01444,2025-10-21,P003,7,84.0,588.0
SO01445,2025-12-21,P052,12,156.78,1881.36
SO01446,2025-07-29,P036,10,183.83,1838.3
SO01447,2026-03-14,P038,3,76.49,229.47
SO01448,2025-06-23,P039,12,17.75,213.0
SO01449,2026-01-15,P048,15,240.2,3603.0
SO01450,2025-01-16,P033,10,174.99,1749.9
SO01451,2025-03-03,P047,2,97.95,195.9
SO01452,2026-05-29,P017,8,141.17,1129.36
SO01453,2026-06-15,P059,9,43.83,394.47
SO01454,2025-07-21,P041,2,85.47,170.94
SO01455,2025-12-27,P024,3,247.54,742.62
SO01456,2025-01-10,P014,12,75.6,907.2
SO01457,2026-05-19,P054,6,45.82,274.92
SO01458,2026-08-08,P036,9,183.83,1654.47
SO01459,2025-07-25,P018,11,106.05,1166.55
SO01460,2026-05-25,P027,13,137.31,1785.03
SO01461,2026-03-16,P003,6,84.0,504.0
SO01462,2025-06-10,P032,6,174.64,1047.84
SO01463,2025-01-31,P020,12,58.91,706.92
SO01464,2025-08-17,P009,3,82.08,246.24
SO01465,2025-08-16,P010,14,232.0,3248.0
SO01466,2025-08-21,P057,8,178.62,1428.96
SO01467,2025-05-23,P060,15,154.9,2323.5
SO01468,2025-05-18,P007,6,40.01,240.06
SO01469,2026-05-11,P003,13,84.0,1092.0
SO01470,2026-05-24,P024,12,247.54,2970.48
SO01471,2026-05-04,P049,9,144.59,1301.31
SO01472,2026-07-16,P007,10,40.01,400.1
SO01473,2026-08-07,P055,3,10.09,30.27
SO01474,2025-04-28,P025,1,178.06,178.06
SO01475,2026-07-16,P058,14,155.74,2180.36
SO01476,2026-01-30,P054,8,45.82,366.56
SO01477,2025-12-02,P060,10,154.9,1549.0
SO01478,2026-03-30,P013,13,183.96,2391.48
SO01479,2025-10-31,P041,3,85.47,256.41
SO01480,2026-01-17,P003,11,84.0,924.0
SO01481,2026-08-01,P047,8,97.95,783.6
SO01482,2026-03-12,P050,5,214.91,1074.55
SO01483,2025-02-02,P051,9,231.05,2079.45
SO01484,2026-02-05,P057,15,178.62,2679.3
SO01485,2025-11-20,P004,12,119.09,1429.08
SO01486,2026-06-20,P039,7,17.75,124.25
SO01487,2025-09-13,P041,14,85.47,1196.58
SO01488,2025-06-04,P008,2,158.82,317.64
SO01489,2025-05-22,P043,5,208.84,1044.2
SO01490,2025-08-07,P051,3,231.05,693.15
SO01491,2025-05-18,P002,14,350.61,4908.54
SO01492,2026-08-28,P033,4,174.99,699.96
SO01493,2025-04-10,P022,6,8.95,53.7
SO01494,2026-05-07,P034,6,210.53,1263.18
SO01495,2026-01-16,P047,5,97.95,489.75
SO01496,2025-09-22,P055,3,10.09,30.27
SO01497,2026-07-10,P058,1,155.74,155.74
SO01498,2026-07-31,P055,13,10.09,131.17
SO01499,2026-01-19,P016,9,227.97,2051.73
SO01500,2026-01-10,P038,10,76.49,764.9
SO01501,2026-02-24,P031,8,244.15,1953.2
SO01502,2025-01-22,P001,15,263.72,3955.8
SO01503,2025-12-23,P055,3,10.09,30.27
SO01504,2025-03-29,P047,6,97.95,587.7
SO01505,2025-01-08,P020,13,58.91,765.83
SO01506,2025-07-12,P031,8,244.15,1953.2
SO01507,2025-09-23,P001,8,263.72,2109.76
SO01508,2026-05-20,P021,4,58.66,234.64
SO01509,2025-11-17,P009,14,82.08,1149.12
SO01510,2025-01-29,P023,15,209.13,3136.95
SO01511,2025-04-16,P027,10,137.31,1373.1
SO01512,2026-07-25,P020,5,58.91,294.55
SO01513,2025-11-27,P034,4,210.53,842.12
SO01514,2025-03-08,P030,10,45.57,455.7
SO01515,2026-08-01,P046,5,75.06,375.3
SO01516,2025-11-30,P018,11,106.05,1166.55
SO01517,2025-01-16,P060,4,154.9,619.6
SO01518,2025-06-05,P016,7,227.97,1595.79
SO01519,2025-01-19,P053,13,246.77,3208.01
SO01520,2026-01-10,P038,11,76.49,841.39
SO01521,2026-03-31,P007,4,40.01,160.04
SO01522,2026-02-16,P031,10,244.15,2441.5
SO01523,2025-08-29,P020,8,58.91,471.28
SO01524,2026-03-18,P003,2,84.0,168.0
SO01525,2026-02-03,P028,2,217.94,435.88
SO01526,2025-08-18,P060,1,154.9,154.9
SO01527,2025-12-06,P040,10,119.11,1191.1
SO01528,2025-10-17,P046,13,75.06,975.78
SO01529,2025-11-28,P023,3,209.13,627.39
SO01530,2025-06-09,P038,11,76.49,841.39
SO01531,2026-06-07,P049,14,144.59,2024.26
SO01532,2025-03-25,P008,14,158.82,2223.48
SO01533,2025-01-16,P023,5,209.13,1045.65
SO01534,2025-08-04,P051,2,231.05,462.1
SO01535,2025-04-29,P044,6,88.37,530.22
SO01536,2026-01-02,P001,7,263.72,1846.04
SO01537,2025-07-23,P053,4,246.77,987.08
SO01538,2025-05-02,P010,7,232.0,1624.0
SO01539,2025-09-02,P006,13,68.03,884.39
SO01540,2026-01-23,P047,14,97.95,1371.3
SO01541,2026-02-01,P047,13,97.95,1273.35
SO01542,2026-05-13,P008,5,158.82,794.1
SO01543,2026-07-10,P044,8,88.37,706.96
SO01544,2025-08-14,P006,7,68.03,476.21
SO01545,2026-07-28,P057,9,178.62,1607.58
SO01546,2025-09-23,P058,7,155.74,1090.18
SO01547,2026-02-10,P051,8,231.05,1848.4
SO01548,2026-03-06,P028,12,217.94,2615.28
SO01549,2025-01-20,P030,2,45.57,91.14
SO01550,2025-10-08,P009,10,82.08,820.8
SO01551,2025-05-22,P049,12,144.59,1735.08
SO01552,2025-02-01,P040,6,119.11,714.66
SO01553,2026-06-24,P019,14,188.61,2640.54
SO01554,2025-11-18,P050,8,214.91,1719.28
SO01555,2026-04-15,P019,2,188.61,377.22
SO01556,2025-03-24,P017,8,141.17,1129.36
SO01557,2025-05-01,P018,6,106.05,636.3
SO01558,2025-12-06,P052,13,156.78,2038.14
SO01559,2026-07-03,P055,6,10.09,60.54
SO01560,2026-07-07,P053,15,246.77,3701.55
SO01561,2025-05-19,P022,9,8.95,80.55
SO01562,2026-07-02,P056,9,28.69,258.21
SO01563,2025-09-14,P009,11,82.08,902.88
SO01564,2025-07-30,P034,6,210.53,1263.18
SO01565,2025-06-25,P004,11,119.09,1309.99
SO01566,2026-08-27,P015,2,259.07,518.14
SO01567,2025-10-29,P036,13,183.83,2389.79
SO01568,2025-11-27,P054,10,45.82,458.2
SO01569,2025-11-13,P042,3,110.42,331.26
SO01570,2025-05-27,P026,7,182.16,1275.12
SO01571,2025-05-08,P037,4,160.55,642.2
SO01572,2025-08-18,P050,3,214.91,644.73
SO01573,2026-03-12,P043,13,208.84,2714.92
SO01574,2026-08-27,P046,9,75.06,675.54
SO01575,2026-06-09,P018,4,106.05,424.2
SO01576,2026-05-19,P018,14,106.05,1484.7
SO01577,2026-03-20,P021,14,58.66,821.24
SO01578,2025-01-04,P048,10,240.2,2402.0
SO01579,2026-05-30,P011,2,108.59,217.18
SO01580,2025-04-18,P060,7,154.9,1084.3
SO01581,2026-05-10,P015,6,259.07,1554.42
SO01582,2025-02-10,P045,7,19.68,137.76
SO01583,2026-07-18,P055,4,10.09,40.36
SO01584,2025-09-06,P024,9,247.54,2227.86
SO01585,2025-03-06,P033,12,174.99,2099.88
SO01586,2025-07-11,P014,13,75.6,982.8
SO01587,2025-08-30,P042,14,110.42,1545.88
SO01588,2025-12-10,P024,4,247.54,990.16
SO01589,2025-10-26,P011,9,108.59,977.31
SO01590,2025-08-26,P049,14,144.59,2024.26
SO01591,2025-02-12,P037,12,160.55,1926.6
SO01592,2025-08-25,P035,8,220.57,1764.56
SO01593,2026-01-09,P019,9,188.61,1697.49
SO01594,2025-06-23,P027,6,137.31,823.86
SO01595,2025-10-14,P030,5,45.57,227.85
SO01596,2025-05-18,P035,8,220.57,1764.56
SO01597,2025-10-15,P008,12,158.82,1905.84
SO01598,2026-02-27,P050,12,214.91,2578.92
SO01599,2025-07-27,P004,10,119.09,1190.9
SO01600,2025-12-21,P049,13,144.59,1879.67
SO01601,2025-04-04,P017,2,141.17,282.34
SO01602,2026-02-09,P035,5,220.57,1102.85
SO01603,2026-03-26,P048,6,240.2,1441.2
SO01604,2026-03-28,P015,11,259.07,2849.77
SO01605,2025-06-05,P011,8,108.59,868.72
SO01606,2025-04-11,P031,15,244.15,3662.25
SO01607,2025-08-20,P024,1,247.54,247.54
SO01608,2025-05-23,P053,15,246.77,3701.55
SO01609,2026-06-16,P030,3,45.57,136.71
SO01610,2026-05-03,P010,13,232.0,3016.0
SO01611,2025-01-20,P033,15,174.99,2624.85
SO01612,2026-07-24,P024,14,247.54,3465.56
SO01613,2026-02-23,P052,11,156.78,1724.58
SO01614,2025-01-16,P032,6,174.64,1047.84
SO01615,2026-05-09,P044,9,88.37,795.33
SO01616,2025-01-14,P043,8,208.84,1670.72
SO01617,2026-06-27,P031,5,244.15,1220.75
SO01618,2025-08-03,P014,3,75.6,226.8
SO01619,2026-01-26,P034,13,210.53,2736.89
SO01620,2025-02-14,P059,4,43.83,175.32
SO01621,2025-06-01,P019,13,188.61,2451.93
SO01622,2025-01-19,P009,13,82.08,1067.04
SO01623,2025-05-18,P058,5,155.74,778.7
SO01624,2025-11-16,P031,15,244.15,3662.25
SO01625,2025-01-08,P025,7,178.06,1246.42
SO01626,2025-11-11,P034,8,210.53,1684.24
SO01627,2026-05-06,P056,4,28.69,114.76
SO01628,2026-02-10,P022,7,8.95,62.65
SO01629,2025-04-13,P026,4,182.16,728.64
SO01630,2026-05-28,P045,12,19.68,236.16
SO01631,2025-03-25,P019,3,188.61,565.83
SO01632,2025-11-11,P024,14,247.54,3465.56
SO01633,2025-01-02,P054,11,45.82,504.02
SO01634,2025-05-01,P018,9,106.05,954.45
SO01635,2025-07-23,P003,9,84.0,756.0
SO01636,2025-12-27,P017,7,141.17,988.19
SO01637,2025-04-21,P048,1,240.2,240.2
SO01638,2025-06-06,P032,11,174.64,1921.04
SO01639,2025-12-16,P006,15,68.03,1020.45
SO01640,2025-07-03,P006,13,68.03,884.39
SO01641,2025-04-17,P033,4,174.99,699.96
SO01642,2026-06-08,P046,6,75.06,450.36
SO01643,2026-04-21,P029,3,57.43,172.29
SO01644,2026-04-16,P013,3,183.96,551.88
SO01645,2025-10-30,P047,15,97.95,1469.25
SO01646,2026-07-30,P002,4,350.61,1402.44
SO01647,2026-03-17,P003,8,84.0,672.0
SO01648,2025-03-07,P051,2,231.05,462.1
SO01649,2026-06-21,P035,7,220.57,1543.99
SO01650,2026-07-05,P048,14,240.2,3362.8
SO01651,2026-03-01,P031,8,244.15,1953.2
SO01652,2025-12-11,P041,8,85.47,683.76
SO01653,2026-02-01,P027,12,137.31,1647.72
SO01654,2026-01-08,P056,2,28.69,57.38
SO01655,2025-07-11,P036,1,183.83,183.83
SO01656,2025-12-26,P005,15,116.3,1744.5
SO01657,2025-09-28,P031,2,244.15,488.3
SO01658,2025-02-03,P041,13,85.47,1111.11
SO01659,2026-08-26,P049,5,144.59,722.95
SO01660,2025-07-02,P010,12,232.0,2784.0
SO01661,2026-06-24,P014,3,75.6,226.8
SO01662,2025-05-14,P003,12,84.0,1008.0
SO01663,2025-08-04,P037,10,160.55,1605.5
SO01664,2025-12-04,P039,8,17.75,142.0
SO01665,2025-06-07,P007,8,40.01,320.08
SO01666,2025-10-17,P009,2,82.08,164.16
SO01667,2025-03-04,P048,2,240.2,480.4
SO01668,2025-05-15,P039,6,17.75,106.5
SO01669,2025-05-12,P019,12,188.61,2263.32
SO01670,2025-05-26,P042,11,110.42,1214.62
SO01671,2025-11-24,P043,9,208.84,1879.56
SO01672,2025-10-03,P057,6,178.62,1071.72
SO01673,2026-05-24,P033,11,174.99,1924.89
SO01674,2025-10-07,P005,12,116.3,1395.6
SO01675,2026-08-24,P014,13,75.6,982.8
SO01676,2025-02-19,P051,9,231.05,2079.45
SO01677,2026-01-17,P032,13,174.64,2270.32
SO01678,2025-11-21,P022,11,8.95,98.45
SO01679,2026-04-14,P046,6,75.06,450.36
SO01680,2025-01-06,P060,8,154.9,1239.2
SO01681,2025-02-07,P037,7,160.55,1123.85
SO01682,2026-01-05,P036,2,183.83,367.66
SO01683,2025-05-29,P017,10,141.17,1411.7
SO01684,2025-12-14,P020,11,58.91,648.01
SO01685,2025-04-22,P048,14,240.2,3362.8
SO01686,2025-01-14,P010,1,232.0,232.0
SO01687,2026-06-15,P013,4,183.96,735.84
SO01688,2025-09-12,P042,1,110.42,110.42
SO01689,2025-01-18,P027,8,137.31,1098.48
SO01690,2025-11-13,P034,5,210.53,1052.65
SO01691,2025-12-29,P046,4,75.06,300.24
SO01692,2025-03-07,P027,14,137.31,1922.34
SO01693,2025-06-24,P046,11,75.06,825.66
SO01694,2026-01-06,P041,1,85.47,85.47
SO01695,2026-08-05,P053,15,246.77,3701.55
SO01696,2026-07-19,P059,12,43.83,525.96
SO01697,2025-10-10,P004,4,119.09,476.36
SO01698,2026-05-21,P014,13,75.6,982.8
SO01699,2026-03-24,P032,2,174.64,349.28
SO01700,2026-06-08,P014,7,75.6,529.2
SO01701,2025-10-09,P033,4,174.99,699.96
SO01702,2026-04-07,P050,11,214.91,2364.01
SO01703,2026-01-27,P022,15,8.95,134.25
SO01704,2025-10-28,P039,5,17.75,88.75
SO01705,2025-08-15,P032,10,174.64,1746.4
SO01706,2025-04-26,P003,12,84.0,1008.0
SO01707,2025-09-21,P023,9,209.13,1882.17
SO01708,2026-04-07,P027,4,137.31,549.24
SO01709,2025-05-08,P046,6,75.06,450.36
SO01710,2026-06-23,P036,4,183.83,735.32
SO01711,2025-02-09,P036,2,183.83,367.66
SO01712,2026-03-14,P047,6,97.95,587.7
SO01713,2025-08-20,P038,5,76.49,382.45
SO01714,2025-07-09,P026,13,182.16,2368.08
SO01715,2025-07-15,P025,9,178.06,1602.54
SO01716,2025-06-16,P046,15,75.06,1125.9
SO01717,2026-02-06,P028,15,217.94,3269.1
SO01718,2025-05-02,P026,12,182.16,2185.92
SO01719,2025-10-06,P001,15,263.72,3955.8
SO01720,2026-02-20,P025,8,178.06,1424.48
SO01721,2025-07-13,P013,8,183.96,1471.68
SO01722,2025-09-10,P007,7,40.01,280.07
SO01723,2025-03-17,P051,13,231.05,3003.65
SO01724,2026-02-01,P025,9,178.06,1602.54
SO01725,2026-07-20,P018,4,106.05,424.2
SO01726,2026-04-02,P003,10,84.0,840.0
SO01727,2025-10-06,P054,1,45.82,45.82
SO01728,2025-09-21,P002,4,350.61,1402.44
SO01729,2025-03-14,P056,14,28.69,401.66
SO01730,2025-03-14,P014,5,75.6,378.0
SO01731,2025-09-01,P009,5,82.08,410.4
SO01732,2025-11-23,P032,1,174.64,174.64
SO01733,2025-04-09,P008,3,158.82,476.46
SO01734,2025-07-11,P006,9,68.03,612.27
SO01735,2025-07-20,P019,8,188.61,1508.88
SO01736,2025-07-21,P033,4,174.99,699.96
SO01737,2025-01-15,P025,8,178.06,1424.48
SO01738,2025-08-30,P057,2,178.62,357.24
SO01739,2025-03-19,P043,3,208.84,626.52
SO01740,2026-06-22,P009,15,82.08,1231.2
SO01741,2026-01-11,P035,10,220.57,2205.7
SO01742,2025-11-27,P037,15,160.55,2408.25
SO01743,2025-02-23,P044,6,88.37,530.22
SO01744,2025-09-03,P059,4,43.83,175.32
SO01745,2026-01-14,P053,9,246.77,2220.93
SO01746,2025-03-17,P026,6,182.16,1092.96
SO01747,2026-07-21,P027,5,137.31,686.55
SO01748,2025-09-17,P009,15,82.08,1231.2
SO01749,2025-08-19,P029,11,57.43,631.73
SO01750,2025-07-01,P039,15,17.75,266.25
SO01751,2025-02-05,P036,7,183.83,1286.81
SO01752,2025-08-28,P056,9,28.69,258.21
SO01753,2026-03-05,P037,14,160.55,2247.7
SO01754,2025-11-11,P009,9,82.08,738.72
SO01755,2026-02-14,P010,2,232.0,464.0
SO01756,2025-07-20,P028,3,217.94,653.82
SO01757,2025-05-29,P050,4,214.91,859.64
SO01758,2026-06-18,P052,1,156.78,156.78
SO01759,2026-03-07,P017,12,141.17,1694.04
SO01760,2025-12-04,P060,1,154.9,154.9
SO01761,2025-04-08,P053,2,246.77,493.54
SO01762,2026-01-03,P041,1,85.47,85.47
SO01763,2025-12-25,P011,4,108.59,434.36
SO01764,2025-09-08,P042,9,110.42,993.78
SO01765,2025-08-11,P029,6,57.43,344.58
SO01766,2025-11-09,P042,9,110.42,993.78
SO01767,2025-05-07,P035,14,220.57,3087.98
SO01768,2026-03-13,P034,14,210.53,2947.42
SO01769,2026-02-10,P056,12,28.69,344.28
SO01770,2026-03-25,P029,5,57.43,287.15
SO01771,2025-02-22,P043,14,208.84,2923.76
SO01772,2026-02-04,P015,1,259.07,259.07
SO01773,2026-08-23,P010,13,232.0,3016.0
SO01774,2025-03-21,P014,13,75.6,982.8
SO01775,2025-04-13,P060,10,154.9,1549.0
SO01776,2026-03-29,P018,7,106.05,742.35
SO01777,2025-07-17,P008,9,158.82,1429.38
SO01778,2025-01-13,P048,15,240.2,3603.0
SO01779,2026-06-17,P039,14,17.75,248.5
SO01780,2025-02-26,P010,12,232.0,2784.0
SO01781,2025-03-31,P012,8,305.41,2443.28
SO01782,2026-04-29,P055,8,10.09,80.72
SO01783,2025-07-24,P012,11,305.41,3359.51
SO01784,2025-11-15,P010,1,232.0,232.0
SO01785,2025-05-31,P020,11,58.91,648.01
SO01786,2025-03-31,P055,12,10.09,121.08
SO01787,2026-08-13,P040,14,119.11,1667.54
SO01788,2026-03-28,P007,9,40.01,360.09
SO01789,2025-06-06,P007,14,40.01,560.14
SO01790,2025-07-25,P033,5,174.99,874.95
SO01791,2025-06-22,P051,3,231.05,693.15
SO01792,2026-08-27,P035,3,220.57,661.71
SO01793,2025-10-13,P016,3,227.97,683.91
SO01794,2025-06-04,P040,2,119.11,238.22
SO01795,2026-07-20,P016,15,227.97,3419.55
SO01796,2025-09-01,P031,13,244.15,3173.95
SO01797,2026-02-02,P012,11,305.41,3359.51
SO01798,2025-05-13,P043,11,208.84,2297.24
SO01799,2026-06-17,P037,3,160.55,481.65
SO01800,2026-05-20,P037,5,160.55,802.75
